#OTU ID,10141.NTC.plate.8,10141.NTC.plate1,10141.NTC.plate2,10141.NTC.plate3,10141.NTC.plate4,10141.NTC.plate5,10141.NTC.plate6,10141.NTC.plate7,10143.016.4.17.2013.Soil.ctrl.ctrlA,10143.016.4.17.2013.Soil.ctrl.ctrlB,10143.016.4.17.2013.Soil.ctrl.ctrlC,10143.016.4.19.2013.Soil.ctrl.ctrlA,10143.016.4.19.2013.Soil.ctrl.ctrlB,10143.016.4.19.2013.Soil.ctrl.ctrlC,10143.016.4.23.2013.Soil.ctrl.ctrlA,10143.016.4.23.2013.Soil.ctrl.ctrlB,10143.016.4.23.2013.Soil.ctrl.ctrlC,10143.016.4.25.2013.Soil.ctrl.ctrlA,10143.016.4.25.2013.Soil.ctrl.ctrlB,10143.016.4.25.2013.Soil.ctrl.ctrlC,10143.016.4.27.2013.Soil.ctrl.ctrlA,10143.016.4.27.2013.Soil.ctrl.ctrlB,10143.016.4.27.2013.Soil.ctrl.ctrlC,10143.016.4.29.2013.Soil.ctrl.ctrlA,10143.016.4.29.2013.Soil.ctrl.ctrlB,10143.016.4.29.2013.Soil.ctrl.ctrlC,10143.016.5.1.2013.Soil.ctrl.ctrlA,10143.016.5.1.2013.Soil.ctrl.ctrlB,10143.016.5.1.2013.Soil.ctrl.ctrlC,10143.016.5.11.2013.Soil.ctrl.ctrlA,10143.016.5.11.2013.Soil.ctrl.ctrlB,10143.016.5.11.2013.Soil.ctrl.ctrlC,10143.016.5.13.2013.Soil.ctrl.ctrlA,10143.016.5.13.2013.Soil.ctrl.ctrlB,10143.016.5.13.2013.Soil.ctrl.ctrlC,10143.016.5.15.2013.Soil.ctrl.ctrlA,10143.016.5.15.2013.Soil.ctrl.ctrlB,10143.016.5.15.2013.Soil.ctrl.ctrlC,10143.016.5.19.2013.Soil.ctrl.ctrlA,10143.016.5.19.2013.Soil.ctrl.ctrlB,10143.016.5.19.2013.Soil.ctrl.ctrlC,10143.016.5.23.2013.Soil.ctrl.ctrlA,10143.016.5.23.2013.Soil.ctrl.ctrlB,10143.016.5.23.2013.Soil.ctrl.ctrlC,10143.016.5.27.2013.Soil.ctrl.ctrlA,10143.016.5.27.2013.Soil.ctrl.ctrlB,10143.016.5.27.2013.Soil.ctrl.ctrlC,10143.016.5.3.2013.Soil.ctrl.ctrlA,10143.016.5.3.2013.Soil.ctrl.ctrlB,10143.016.5.3.2013.Soil.ctrl.ctrlC,10143.016.5.5.2013.Soil.ctrl.ctrlA,10143.016.5.5.2013.Soil.ctrl.ctrlB,10143.016.5.7.2013.Soil.ctrl.ctrlA,10143.016.5.7.2013.Soil.ctrl.ctrlB,10143.016.5.7.2013.Soil.ctrl.ctrlC,10143.016.5.9.2013.Soil.ctrl.ctrlA,10143.016.5.9.2013.Soil.ctrl.ctrlB,10143.016.5.9.2013.Soil.ctrl.ctrlC,10143.016.6.10.2013.Soil.ctrl.ctrlA,10143.016.6.10.2013.Soil.ctrl.ctrlB,10143.016.6.10.2013.Soil.ctrl.ctrlC,10143.016.7.8.2013.Soil.ctrl.ctrlA,10143.016.7.8.2013.Soil.ctrl.ctrlB,10143.016.7.8.2013.Soil.ctrl.ctrlC,1609.mass.control.0.1,1609.mass.control.0.2,1609.mass.control.0.3,1609.mass.control.1.1,1609.mass.control.1.2,1609.mass.control.1.3,1609.mass.control.15.1,1609.mass.control.15.2,1609.mass.control.15.3,1609.mass.control.2.1,1609.mass.control.2.2,1609.mass.control.2.3,1609.mass.control.4.1,1609.mass.control.4.2,1609.mass.control.4.3,1609.mass.control.5.1,1609.mass.control.5.2,1609.mass.control.5.3,1609.mass.control.6.2,1609.mass.control.6.3,1609.mass.control.9.1,1609.mass.control.9.2,1609.mass.control.9.3,1609.summer.control.0.1,1609.summer.control.0.2,1609.summer.control.0.3,1609.summer.control.15.1,1609.summer.control.15.2,1609.summer.control.15.3,1609.summer.control.30.1,1609.summer.control.30.2,1609.summer.control.30.3,1609.summer.control.60.1,1609.summer.control.60.2,1609.summer.control.60.3,1609.winter.control.0.1,1609.winter.control.0.2,1609.winter.control.0.3,1609.winter.control.15.1,1609.winter.control.15.2,1609.winter.control.15.3,1609.winter.control.30.1,1609.winter.control.30.2,1609.winter.control.30.3,1609.winter.control.60.1,1609.winter.control.60.2,1609.winter.control.60.3,714.M3ntc.D6,714.M3ntc.H12,714.clean.swab,714.control.MCD1.H12,714.control.MCD2.A2,714.m6ntc.A7,714.swab.inside.bag,Taxonomy
1000512,0.0,0.0,0.0,0.0,0.0,0.0,0.0,0.0,51.0,5.0,20.0,5.0,1.0,1.0,0.0,0.0,6.0,15.0,13.0,9.0,9.0,3.0,3.0,2.0,6.0,6.0,0.0,12.0,20.0,3.0,3.0,0.0,8.0,1.0,14.0,51.0,51.0,18.0,44.0,1.0,78.0,1.0,6.0,2.0,2.0,14.0,17.0,2.0,3.0,10.0,2.0,3.0,72.0,0.0,2.0,4.0,5.0,3.0,2.0,11.0,20.0,7.0,1.0,6.0,95.0,9.0,0.0,45.0,75.0,0.0,1.0,0.0,4.0,98.0,89.0,42.0,291.0,199.0,241.0,78.0,69.0,89.0,47.0,123.0,129.0,64.0,0.0,194.0,135.0,63.0,229.0,148.0,45.0,120.0,30.0,55.0,53.0,118.0,76.0,36.0,371.0,110.0,94.0,274.0,202.0,91.0,197.0,215.0,91.0,185.0,0.0,2.0,0.0,0.0,0.0,0.0,0.0,0.0,k__Bacteria; p__Actinobacteria; c__Thermoleophilia; o__Gaiellales; f__Gaiellaceae; g__; s__
101277,0.0,0.0,0.0,0.0,0.0,0.0,0.0,0.0,1774.0,80.0,661.0,154.0,1.0,16.0,0.0,159.0,0.0,629.0,421.0,210.0,69.0,138.0,130.0,189.0,159.0,181.0,8.0,144.0,0.0,420.0,423.0,0.0,332.0,827.0,408.0,909.0,917.0,114.0,283.0,477.0,163.0,27.0,287.0,94.0,135.0,166.0,136.0,141.0,144.0,211.0,323.0,41.0,472.0,12.0,178.0,38.0,75.0,32.0,19.0,81.0,177.0,243.0,64.0,53.0,109.0,113.0,0.0,133.0,334.0,0.0,0.0,0.0,51.0,218.0,255.0,575.0,892.0,735.0,655.0,306.0,353.0,564.0,759.0,418.0,372.0,212.0,1.0,296.0,231.0,359.0,328.0,369.0,259.0,303.0,157.0,348.0,299.0,336.0,513.0,118.0,504.0,243.0,190.0,546.0,297.0,309.0,308.0,546.0,172.0,290.0,0.0,0.0,0.0,0.0,0.0,0.0,0.0,0.0,k__Bacteria; p__Bacteroidetes; c__[Saprospirae]; o__[Saprospirales]; f__Chitinophagaceae; g__; s__
101868,0.0,0.0,0.0,0.0,0.0,0.0,0.0,0.0,3178.0,390.0,1261.0,145.0,109.0,123.0,0.0,697.0,71.0,1116.0,870.0,579.0,2.0,87.0,194.0,153.0,308.0,424.0,14.0,38.0,243.0,211.0,1185.0,0.0,121.0,188.0,717.0,508.0,376.0,173.0,140.0,550.0,627.0,10.0,248.0,208.0,233.0,528.0,506.0,155.0,51.0,440.0,114.0,180.0,1064.0,0.0,497.0,97.0,2.0,42.0,40.0,154.0,1198.0,227.0,171.0,208.0,3467.0,2918.0,0.0,1769.0,5692.0,2.0,78.0,0.0,786.0,5618.0,4069.0,6071.0,8980.0,17244.0,17942.0,10603.0,8132.0,11715.0,12682.0,9783.0,6849.0,6595.0,22.0,7261.0,4794.0,7882.0,8293.0,11691.0,9149.0,8229.0,5506.0,8018.0,6173.0,9541.0,6771.0,2589.0,19818.0,8767.0,7649.0,20907.0,3393.0,6072.0,9861.0,10430.0,7088.0,13551.0,1.0,0.0,0.0,0.0,0.0,0.0,0.0,0.0,k__Bacteria; p__Verrucomicrobia; c__[Spartobacteria]; o__[Chthoniobacterales]; f__[Chthoniobacteraceae]; g__DA101; s__
1028297,0.0,0.0,0.0,0.0,0.0,0.0,0.0,0.0,1466.0,39.0,628.0,47.0,50.0,15.0,0.0,135.0,111.0,96.0,55.0,286.0,165.0,51.0,77.0,159.0,127.0,386.0,12.0,108.0,28.0,0.0,159.0,0.0,105.0,174.0,80.0,249.0,218.0,210.0,62.0,132.0,99.0,13.0,170.0,102.0,80.0,214.0,290.0,22.0,57.0,262.0,195.0,110.0,111.0,37.0,41.0,80.0,26.0,47.0,158.0,174.0,206.0,477.0,46.0,287.0,39.0,16.0,0.0,19.0,26.0,0.0,1.0,0.0,4.0,0.0,11.0,0.0,47.0,70.0,51.0,33.0,21.0,53.0,10.0,29.0,34.0,22.0,0.0,32.0,39.0,91.0,14.0,27.0,24.0,29.0,19.0,14.0,52.0,36.0,95.0,2.0,17.0,46.0,76.0,147.0,242.0,16.0,8.0,58.0,26.0,15.0,0.0,0.0,0.0,0.0,0.0,0.0,0.0,0.0,k__Bacteria; p__Verrucomicrobia; c__[Spartobacteria]; o__[Chthoniobacterales]; f__[Chthoniobacteraceae]; g__Ellin506; s__
104172,0.0,0.0,0.0,0.0,0.0,0.0,0.0,0.0,729.0,41.0,228.0,10.0,13.0,8.0,0.0,244.0,29.0,26.0,61.0,54.0,0.0,72.0,71.0,10.0,105.0,80.0,16.0,247.0,285.0,0.0,17.0,0.0,23.0,66.0,48.0,58.0,69.0,44.0,196.0,41.0,0.0,6.0,71.0,28.0,32.0,174.0,81.0,34.0,93.0,116.0,6.0,30.0,30.0,0.0,21.0,92.0,23.0,18.0,73.0,105.0,232.0,30.0,15.0,16.0,367.0,569.0,0.0,208.0,542.0,0.0,3.0,0.0,194.0,637.0,910.0,1469.0,1107.0,2467.0,4104.0,761.0,1538.0,1972.0,1106.0,2065.0,1148.0,617.0,5.0,1777.0,1727.0,1913.0,2189.0,2013.0,3173.0,738.0,460.0,1403.0,726.0,958.0,982.0,589.0,5983.0,1458.0,1910.0,3840.0,1460.0,1225.0,1627.0,2079.0,1211.0,2423.0,0.0,0.0,0.0,0.0,0.0,0.0,0.0,0.0,k__Bacteria; p__Actinobacteria; c__Thermoleophilia; o__Gaiellales; f__Gaiellaceae; g__; s__
107036,0.0,2.0,0.0,0.0,3.0,0.0,4.0,0.0,452.0,15.0,45.0,10.0,3.0,0.0,0.0,9.0,3.0,12.0,7.0,9.0,1.0,7.0,21.0,17.0,9.0,7.0,3.0,12.0,16.0,5.0,5.0,0.0,4.0,8.0,8.0,10.0,10.0,11.0,4.0,5.0,2.0,0.0,8.0,2.0,9.0,11.0,13.0,8.0,8.0,7.0,17.0,19.0,2.0,5.0,6.0,5.0,5.0,7.0,2.0,8.0,12.0,18.0,2.0,14.0,2.0,1.0,0.0,4.0,3.0,0.0,0.0,0.0,1.0,7.0,6.0,17.0,14.0,32.0,28.0,11.0,3.0,7.0,2.0,11.0,19.0,13.0,0.0,31.0,13.0,17.0,14.0,12.0,15.0,7.0,5.0,15.0,13.0,16.0,24.0,2.0,38.0,14.0,9.0,25.0,17.0,11.0,14.0,19.0,14.0,24.0,0.0,0.0,0.0,0.0,0.0,0.0,0.0,0.0,k__Bacteria; p__Proteobacteria; c__Alphaproteobacteria; o__Rhizobiales; f__Bradyrhizobiaceae; g__Nitrobacter; s__
1109646,0.0,0.0,0.0,0.0,0.0,0.0,0.0,0.0,8931.0,616.0,3208.0,149.0,352.0,227.0,0.0,210.0,0.0,1609.0,1264.0,643.0,118.0,406.0,335.0,206.0,822.0,530.0,17.0,301.0,603.0,232.0,1199.0,0.0,618.0,1075.0,1611.0,1603.0,2077.0,780.0,1273.0,1581.0,1168.0,73.0,1004.0,349.0,464.0,2198.0,973.0,200.0,109.0,406.0,271.0,224.0,703.0,110.0,232.0,254.0,457.0,65.0,89.0,440.0,939.0,804.0,352.0,776.0,1685.0,822.0,0.0,663.0,1882.0,1.0,22.0,2.0,67.0,1753.0,790.0,436.0,5365.0,2556.0,2291.0,2367.0,1779.0,1110.0,2973.0,1636.0,3275.0,1440.0,0.0,2915.0,2631.0,1950.0,1551.0,2508.0,2841.0,2489.0,1211.0,1886.0,3200.0,2865.0,1844.0,715.0,4400.0,1048.0,1638.0,4959.0,1283.0,1708.0,3082.0,2361.0,1401.0,3069.0,0.0,0.0,0.0,0.0,0.0,0.0,0.0,0.0,k__Bacteria; p__Verrucomicrobia; c__[Spartobacteria]; o__[Chthoniobacterales]; f__[Chthoniobacteraceae]; g__DA101; s__
111050,0.0,0.0,0.0,0.0,0.0,0.0,0.0,0.0,2234.0,95.0,890.0,37.0,0.0,0.0,0.0,83.0,119.0,72.0,103.0,72.0,0.0,93.0,112.0,97.0,141.0,72.0,13.0,52.0,842.0,113.0,16.0,0.0,68.0,68.0,54.0,143.0,11.0,96.0,86.0,61.0,0.0,2.0,69.0,32.0,12.0,117.0,80.0,45.0,74.0,133.0,232.0,130.0,0.0,46.0,97.0,93.0,171.0,117.0,17.0,74.0,131.0,132.0,64.0,78.0,102.0,35.0,0.0,108.0,90.0,0.0,3.0,0.0,67.0,187.0,92.0,393.0,478.0,297.0,673.0,146.0,284.0,380.0,71.0,239.0,304.0,90.0,1.0,430.0,327.0,284.0,431.0,161.0,352.0,213.0,78.0,215.0,192.0,99.0,341.0,102.0,813.0,151.0,483.0,1113.0,910.0,364.0,203.0,457.0,330.0,408.0,0.0,4.0,0.0,0.0,0.0,0.0,0.0,0.0,k__Bacteria; p__Actinobacteria; c__Thermoleophilia; o__Solirubrobacterales; f__Conexibacteraceae; g__; s__
1111118,0.0,0.0,0.0,0.0,0.0,0.0,0.0,0.0,2403.0,533.0,1059.0,122.0,113.0,34.0,0.0,3.0,108.0,76.0,282.0,331.0,0.0,295.0,160.0,194.0,490.0,299.0,37.0,259.0,1070.0,73.0,104.0,0.0,34.0,158.0,297.0,130.0,402.0,300.0,485.0,155.0,858.0,34.0,211.0,561.0,92.0,1026.0,642.0,63.0,32.0,214.0,59.0,90.0,18.0,17.0,51.0,33.0,357.0,248.0,41.0,123.0,318.0,106.0,14.0,528.0,29.0,2.0,0.0,17.0,73.0,0.0,1.0,0.0,35.0,68.0,24.0,54.0,141.0,131.0,178.0,78.0,52.0,94.0,34.0,70.0,76.0,78.0,0.0,42.0,119.0,107.0,0.0,120.0,57.0,48.0,19.0,55.0,78.0,112.0,199.0,5.0,100.0,4.0,44.0,319.0,53.0,41.0,60.0,27.0,68.0,45.0,0.0,0.0,0.0,0.0,0.0,0.0,0.0,0.0,k__Bacteria; p__Proteobacteria; c__Alphaproteobacteria; o__Ellin329; f__; g__; s__
1111372,0.0,0.0,0.0,0.0,0.0,0.0,0.0,0.0,2567.0,51.0,627.0,163.0,47.0,47.0,0.0,289.0,0.0,633.0,514.0,192.0,55.0,62.0,158.0,152.0,210.0,62.0,25.0,310.0,17.0,145.0,297.0,0.0,205.0,316.0,214.0,745.0,511.0,194.0,202.0,188.0,279.0,30.0,138.0,41.0,158.0,399.0,247.0,144.0,111.0,160.0,202.0,61.0,86.0,0.0,138.0,92.0,143.0,24.0,93.0,101.0,331.0,216.0,104.0,36.0,77.0,122.0,0.0,67.0,108.0,0.0,2.0,0.0,12.0,48.0,67.0,15.0,512.0,300.0,149.0,217.0,118.0,107.0,159.0,66.0,184.0,111.0,0.0,232.0,238.0,226.0,29.0,201.0,0.0,185.0,74.0,140.0,211.0,245.0,261.0,54.0,435.0,115.0,155.0,486.0,197.0,96.0,175.0,140.0,131.0,218.0,0.0,0.0,0.0,0.0,0.0,0.0,0.0,0.0,k__Bacteria; p__Planctomycetes; c__Phycisphaerae; o__WD2101; f__; g__; s__
111748,0.0,0.0,0.0,0.0,0.0,0.0,0.0,0.0,3398.0,62.0,258.0,106.0,47.0,19.0,0.0,157.0,9.0,333.0,178.0,288.0,4.0,12.0,324.0,52.0,77.0,189.0,47.0,393.0,230.0,269.0,141.0,0.0,223.0,87.0,128.0,303.0,304.0,61.0,110.0,74.0,43.0,5.0,137.0,40.0,110.0,159.0,271.0,70.0,88.0,113.0,81.0,92.0,4.0,27.0,27.0,40.0,135.0,26.0,165.0,355.0,229.0,306.0,163.0,65.0,61.0,98.0,0.0,35.0,63.0,0.0,1.0,0.0,20.0,51.0,6.0,233.0,218.0,42.0,155.0,153.0,61.0,91.0,55.0,114.0,252.0,101.0,1.0,124.0,155.0,172.0,111.0,81.0,74.0,105.0,56.0,139.0,146.0,63.0,124.0,27.0,350.0,124.0,241.0,431.0,277.0,123.0,154.0,95.0,242.0,135.0,0.0,0.0,0.0,0.0,0.0,0.0,0.0,0.0,k__Bacteria; p__Gemmatimonadetes; c__Gemmatimonadetes; o__Gemmatimonadales; f__Ellin5301; g__; s__
1127161,0.0,0.0,0.0,0.0,0.0,0.0,0.0,0.0,2892.0,223.0,2725.0,214.0,40.0,115.0,0.0,468.0,0.0,144.0,280.0,376.0,147.0,146.0,414.0,363.0,405.0,605.0,182.0,482.0,4.0,113.0,126.0,0.0,127.0,293.0,147.0,223.0,266.0,82.0,353.0,84.0,96.0,6.0,42.0,75.0,78.0,226.0,228.0,131.0,106.0,17.0,755.0,174.0,442.0,762.0,143.0,374.0,198.0,124.0,20.0,65.0,137.0,147.0,61.0,96.0,44.0,35.0,0.0,13.0,5.0,0.0,0.0,0.0,7.0,0.0,8.0,0.0,200.0,107.0,72.0,26.0,17.0,59.0,22.0,21.0,29.0,14.0,1.0,29.0,38.0,24.0,52.0,6.0,18.0,22.0,9.0,31.0,31.0,29.0,43.0,10.0,44.0,11.0,11.0,60.0,34.0,37.0,2.0,9.0,19.0,13.0,0.0,0.0,0.0,0.0,0.0,0.0,0.0,0.0,k__Bacteria; p__Acidobacteria; c__Solibacteres; o__Solibacterales; f__Solibacteraceae; g__Candidatus Solibacter; s__
1127642,0.0,0.0,0.0,0.0,0.0,0.0,0.0,0.0,4714.0,355.0,2352.0,265.0,299.0,55.0,0.0,477.0,513.0,430.0,292.0,657.0,0.0,169.0,649.0,93.0,635.0,342.0,152.0,727.0,4259.0,131.0,566.0,0.0,130.0,689.0,368.0,364.0,1115.0,475.0,555.0,241.0,150.0,2.0,119.0,200.0,59.0,335.0,682.0,93.0,327.0,644.0,695.0,294.0,155.0,642.0,337.0,344.0,301.0,410.0,66.0,150.0,198.0,548.0,211.0,743.0,1.0,0.0,0.0,10.0,33.0,0.0,0.0,0.0,2.0,20.0,26.0,9.0,209.0,111.0,72.0,29.0,15.0,2.0,48.0,48.0,23.0,26.0,0.0,68.0,31.0,35.0,11.0,46.0,40.0,20.0,7.0,10.0,31.0,24.0,45.0,17.0,41.0,9.0,33.0,217.0,157.0,90.0,17.0,20.0,53.0,35.0,0.0,0.0,0.0,0.0,0.0,0.0,0.0,0.0,k__Bacteria; p__Acidobacteria; c__Solibacteres; o__Solibacterales; f__Solibacteraceae; g__; s__
1129425,0.0,0.0,0.0,0.0,0.0,0.0,0.0,0.0,2652.0,28.0,384.0,48.0,0.0,21.0,0.0,86.0,97.0,1.0,2.0,0.0,0.0,93.0,76.0,86.0,1.0,7.0,49.0,33.0,61.0,32.0,0.0,0.0,73.0,28.0,16.0,103.0,41.0,31.0,58.0,14.0,0.0,1.0,53.0,5.0,5.0,10.0,69.0,16.0,58.0,1.0,70.0,7.0,99.0,53.0,65.0,259.0,17.0,172.0,30.0,71.0,30.0,101.0,59.0,6.0,364.0,479.0,0.0,392.0,559.0,0.0,6.0,0.0,125.0,624.0,388.0,2590.0,912.0,837.0,1610.0,413.0,574.0,1002.0,457.0,1037.0,1076.0,368.0,1.0,881.0,715.0,890.0,1030.0,477.0,1094.0,585.0,274.0,361.0,602.0,390.0,913.0,251.0,1498.0,747.0,1198.0,4000.0,2548.0,720.0,1683.0,1301.0,1543.0,1361.0,0.0,9.0,0.0,0.0,0.0,0.0,0.0,0.0,k__Bacteria; p__Actinobacteria; c__Thermoleophilia; o__Solirubrobacterales; f__Solirubrobacteraceae; g__Solirubrobacter; s__
11622,0.0,0.0,0.0,0.0,0.0,0.0,0.0,0.0,2270.0,140.0,1293.0,58.0,27.0,46.0,0.0,30.0,98.0,60.0,72.0,153.0,41.0,110.0,175.0,111.0,275.0,232.0,73.0,357.0,30.0,111.0,52.0,0.0,31.0,64.0,71.0,102.0,165.0,35.0,73.0,51.0,46.0,3.0,43.0,43.0,13.0,57.0,132.0,51.0,83.0,196.0,114.0,118.0,0.0,128.0,187.0,78.0,141.0,214.0,61.0,56.0,122.0,105.0,38.0,112.0,164.0,154.0,0.0,33.0,109.0,1.0,0.0,0.0,32.0,108.0,195.0,258.0,255.0,345.0,393.0,224.0,269.0,288.0,206.0,237.0,191.0,77.0,1.0,305.0,225.0,108.0,251.0,300.0,277.0,93.0,56.0,148.0,59.0,217.0,103.0,43.0,618.0,163.0,162.0,442.0,305.0,93.0,231.0,306.0,141.0,405.0,0.0,0.0,0.0,0.0,0.0,0.0,0.0,0.0,k__Bacteria; p__Actinobacteria; c__Actinobacteria; o__Actinomycetales; f__Frankiaceae; g__; s__
153239,0.0,0.0,0.0,0.0,0.0,0.0,0.0,0.0,3232.0,317.0,4472.0,81.0,249.0,134.0,0.0,272.0,0.0,434.0,217.0,0.0,1.0,46.0,69.0,323.0,252.0,267.0,45.0,82.0,15.0,112.0,125.0,0.0,84.0,93.0,61.0,268.0,222.0,238.0,140.0,203.0,221.0,8.0,78.0,42.0,158.0,494.0,517.0,83.0,97.0,59.0,197.0,102.0,415.0,864.0,185.0,373.0,338.0,724.0,61.0,179.0,180.0,55.0,0.0,149.0,49.0,78.0,0.0,56.0,55.0,0.0,3.0,0.0,38.0,95.0,32.0,45.0,92.0,647.0,426.0,346.0,181.0,512.0,206.0,210.0,138.0,109.0,0.0,197.0,104.0,241.0,113.0,349.0,251.0,193.0,91.0,283.0,195.0,312.0,279.0,70.0,123.0,72.0,409.0,1146.0,144.0,429.0,240.0,196.0,125.0,201.0,0.0,0.0,0.0,0.0,0.0,0.0,0.0,0.0,k__Bacteria; p__Verrucomicrobia; c__[Pedosphaerae]; o__[Pedosphaerales]; f__; g__; s__
153622,0.0,0.0,0.0,0.0,0.0,0.0,0.0,0.0,1604.0,142.0,286.0,73.0,1.0,17.0,0.0,601.0,4.0,638.0,417.0,428.0,233.0,287.0,87.0,201.0,65.0,30.0,52.0,229.0,89.0,58.0,341.0,0.0,330.0,404.0,687.0,1514.0,750.0,398.0,164.0,374.0,451.0,29.0,204.0,296.0,126.0,331.0,232.0,141.0,2.0,397.0,1.0,93.0,265.0,251.0,91.0,55.0,2.0,32.0,44.0,122.0,345.0,47.0,170.0,181.0,378.0,102.0,0.0,154.0,206.0,0.0,9.0,0.0,21.0,311.0,147.0,170.0,2153.0,619.0,684.0,759.0,516.0,421.0,390.0,318.0,1262.0,330.0,1.0,987.0,591.0,849.0,555.0,819.0,1125.0,676.0,191.0,506.0,608.0,627.0,875.0,197.0,1018.0,300.0,356.0,1161.0,741.0,287.0,486.0,354.0,574.0,770.0,0.0,0.0,0.0,0.0,0.0,0.0,0.0,0.0,k__Bacteria; p__Verrucomicrobia; c__[Spartobacteria]; o__[Chthoniobacterales]; f__[Chthoniobacteraceae]; g__DA101; s__
154125,0.0,0.0,0.0,0.0,0.0,0.0,0.0,0.0,917.0,79.0,970.0,50.0,151.0,24.0,0.0,8.0,209.0,50.0,217.0,174.0,196.0,86.0,84.0,16.0,117.0,37.0,1.0,41.0,687.0,55.0,87.0,0.0,56.0,107.0,118.0,93.0,275.0,107.0,54.0,37.0,1.0,0.0,41.0,22.0,11.0,94.0,77.0,24.0,33.0,131.0,70.0,46.0,105.0,145.0,45.0,9.0,1.0,21.0,1.0,78.0,75.0,74.0,71.0,11.0,23.0,50.0,0.0,21.0,58.0,0.0,1.0,0.0,4.0,61.0,21.0,70.0,57.0,99.0,153.0,56.0,53.0,90.0,107.0,88.0,67.0,60.0,0.0,120.0,134.0,187.0,17.0,92.0,32.0,93.0,35.0,167.0,77.0,98.0,212.0,5.0,80.0,33.0,36.0,333.0,82.0,119.0,115.0,166.0,74.0,73.0,0.0,0.0,0.0,0.0,0.0,0.0,0.0,0.0,k__Bacteria; p__Acidobacteria; c__Solibacteres; o__Solibacterales; f__Solibacteraceae; g__; s__
1733407,0.0,0.0,0.0,0.0,0.0,0.0,0.0,0.0,2392.0,144.0,288.0,85.0,1.0,44.0,0.0,693.0,2.0,323.0,1014.0,211.0,116.0,255.0,198.0,101.0,220.0,817.0,28.0,643.0,399.0,74.0,40.0,0.0,239.0,177.0,244.0,919.0,672.0,60.0,168.0,303.0,239.0,10.0,179.0,129.0,76.0,107.0,352.0,91.0,73.0,488.0,78.0,150.0,152.0,0.0,123.0,25.0,0.0,35.0,26.0,175.0,367.0,79.0,134.0,359.0,225.0,107.0,0.0,103.0,323.0,0.0,8.0,0.0,25.0,129.0,119.0,240.0,963.0,126.0,405.0,331.0,157.0,309.0,223.0,259.0,268.0,226.0,2.0,347.0,302.0,688.0,67.0,289.0,121.0,214.0,111.0,199.0,741.0,435.0,682.0,29.0,239.0,150.0,230.0,945.0,810.0,102.0,517.0,346.0,126.0,268.0,0.0,0.0,0.0,0.0,0.0,0.0,0.0,0.0,k__Bacteria; p__Verrucomicrobia; c__[Spartobacteria]; o__[Chthoniobacterales]; f__[Chthoniobacteraceae]; g__DA101; s__
1857346,0.0,0.0,0.0,0.0,0.0,0.0,0.0,0.0,3819.0,159.0,1712.0,224.0,36.0,57.0,0.0,205.0,0.0,759.0,508.0,363.0,1.0,151.0,175.0,84.0,135.0,262.0,50.0,159.0,2.0,117.0,834.0,0.0,434.0,602.0,437.0,492.0,1900.0,426.0,1048.0,235.0,552.0,11.0,168.0,201.0,106.0,229.0,168.0,103.0,47.0,312.0,70.0,308.0,63.0,147.0,319.0,124.0,376.0,263.0,58.0,204.0,191.0,30.0,5.0,27.0,152.0,132.0,0.0,81.0,69.0,0.0,1.0,0.0,24.0,160.0,59.0,149.0,936.0,147.0,188.0,291.0,152.0,291.0,232.0,162.0,223.0,118.0,0.0,175.0,317.0,348.0,194.0,289.0,299.0,290.0,103.0,106.0,117.0,102.0,110.0,47.0,356.0,28.0,73.0,384.0,301.0,99.0,143.0,171.0,63.0,121.0,0.0,0.0,0.0,0.0,0.0,0.0,0.0,0.0,k__Bacteria; p__Acidobacteria; c__Acidobacteriia; o__Acidobacteriales; f__Koribacteraceae; g__; s__
200629,0.0,0.0,0.0,0.0,0.0,0.0,0.0,0.0,5473.0,253.0,1259.0,97.0,30.0,2.0,0.0,113.0,375.0,898.0,49.0,34.0,27.0,355.0,134.0,76.0,295.0,133.0,182.0,204.0,460.0,132.0,79.0,0.0,90.0,56.0,44.0,117.0,453.0,19.0,10.0,66.0,0.0,3.0,72.0,19.0,39.0,53.0,110.0,131.0,81.0,39.0,85.0,301.0,68.0,126.0,60.0,93.0,160.0,263.0,69.0,317.0,167.0,178.0,55.0,125.0,23.0,161.0,0.0,72.0,102.0,0.0,2.0,0.0,36.0,15.0,32.0,449.0,48.0,65.0,134.0,53.0,49.0,111.0,34.0,37.0,103.0,22.0,0.0,81.0,77.0,146.0,255.0,67.0,176.0,76.0,23.0,36.0,115.0,42.0,112.0,20.0,165.0,83.0,485.0,362.0,398.0,101.0,179.0,89.0,178.0,252.0,0.0,1.0,0.0,0.0,0.0,0.0,0.0,0.0,k__Bacteria; p__Actinobacteria; c__Thermoleophilia; o__Solirubrobacterales; f__; g__; s__
206404,0.0,0.0,0.0,0.0,0.0,0.0,0.0,0.0,3247.0,241.0,1031.0,225.0,60.0,126.0,0.0,328.0,81.0,486.0,371.0,229.0,0.0,96.0,302.0,296.0,206.0,127.0,142.0,357.0,661.0,98.0,127.0,0.0,117.0,138.0,74.0,317.0,169.0,38.0,134.0,206.0,248.0,12.0,96.0,70.0,111.0,186.0,253.0,113.0,53.0,175.0,292.0,187.0,75.0,155.0,73.0,29.0,253.0,139.0,47.0,111.0,83.0,195.0,20.0,44.0,31.0,2.0,0.0,24.0,66.0,0.0,0.0,0.0,7.0,39.0,16.0,103.0,190.0,273.0,152.0,143.0,81.0,42.0,91.0,101.0,117.0,72.0,0.0,128.0,139.0,128.0,54.0,101.0,43.0,137.0,68.0,169.0,165.0,185.0,215.0,34.0,172.0,34.0,66.0,234.0,122.0,44.0,84.0,63.0,55.0,101.0,0.0,0.0,0.0,0.0,0.0,0.0,0.0,0.0,k__Bacteria; p__OD1; c__; o__; f__; g__; s__
210216,0.0,0.0,0.0,0.0,0.0,0.0,0.0,0.0,2492.0,114.0,2621.0,88.0,1.0,68.0,0.0,76.0,161.0,526.0,165.0,399.0,20.0,83.0,530.0,60.0,114.0,338.0,59.0,144.0,99.0,47.0,89.0,0.0,36.0,84.0,49.0,94.0,353.0,74.0,84.0,44.0,34.0,5.0,106.0,84.0,34.0,122.0,290.0,45.0,55.0,153.0,148.0,102.0,49.0,164.0,90.0,58.0,100.0,341.0,23.0,105.0,87.0,44.0,52.0,162.0,1.0,0.0,0.0,8.0,22.0,0.0,0.0,0.0,0.0,4.0,3.0,23.0,58.0,18.0,24.0,12.0,4.0,13.0,8.0,13.0,43.0,13.0,0.0,8.0,10.0,11.0,11.0,23.0,30.0,22.0,14.0,34.0,37.0,25.0,37.0,1.0,40.0,19.0,43.0,94.0,42.0,12.0,22.0,23.0,11.0,14.0,0.0,0.0,0.0,0.0,0.0,0.0,0.0,0.0,k__Bacteria; p__Planctomycetes; c__Phycisphaerae; o__WD2101; f__; g__; s__
210607,0.0,0.0,0.0,0.0,0.0,0.0,0.0,0.0,2572.0,164.0,979.0,122.0,39.0,35.0,0.0,290.0,0.0,169.0,162.0,348.0,143.0,138.0,225.0,143.0,323.0,348.0,33.0,238.0,78.0,257.0,63.0,0.0,107.0,94.0,152.0,252.0,267.0,161.0,218.0,50.0,45.0,8.0,102.0,117.0,80.0,255.0,269.0,121.0,16.0,197.0,104.0,52.0,0.0,26.0,365.0,149.0,43.0,94.0,46.0,119.0,192.0,54.0,23.0,140.0,111.0,127.0,0.0,79.0,120.0,0.0,1.0,0.0,37.0,208.0,177.0,457.0,364.0,675.0,1147.0,175.0,291.0,429.0,271.0,401.0,318.0,174.0,0.0,421.0,267.0,476.0,431.0,483.0,746.0,202.0,110.0,373.0,161.0,315.0,235.0,160.0,1160.0,593.0,350.0,1101.0,418.0,230.0,365.0,857.0,279.0,653.0,0.0,0.0,0.0,0.0,0.0,0.0,0.0,0.0,k__Bacteria; p__Actinobacteria; c__Thermoleophilia; o__Gaiellales; f__Gaiellaceae; g__; s__
214718,0.0,0.0,0.0,0.0,0.0,0.0,0.0,0.0,6253.0,172.0,812.0,243.0,92.0,0.0,0.0,393.0,410.0,237.0,22.0,180.0,116.0,91.0,421.0,174.0,302.0,447.0,173.0,70.0,4.0,101.0,31.0,0.0,173.0,183.0,31.0,99.0,232.0,36.0,39.0,37.0,1.0,1.0,160.0,16.0,77.0,80.0,119.0,50.0,421.0,29.0,234.0,61.0,0.0,503.0,58.0,342.0,30.0,159.0,42.0,60.0,77.0,326.0,42.0,31.0,166.0,355.0,0.0,31.0,119.0,0.0,1.0,0.0,19.0,97.0,62.0,130.0,381.0,193.0,270.0,90.0,132.0,149.0,33.0,105.0,231.0,85.0,0.0,204.0,134.0,251.0,288.0,107.0,261.0,154.0,113.0,127.0,121.0,116.0,205.0,64.0,191.0,101.0,268.0,705.0,677.0,127.0,210.0,139.0,224.0,190.0,0.0,0.0,0.0,0.0,0.0,0.0,0.0,0.0,k__Bacteria; p__Actinobacteria; c__Actinobacteria; o__; f__; g__; s__
217201,0.0,0.0,0.0,0.0,0.0,0.0,0.0,0.0,1970.0,238.0,319.0,66.0,16.0,27.0,0.0,314.0,462.0,464.0,105.0,204.0,81.0,38.0,265.0,153.0,205.0,19.0,46.0,139.0,530.0,0.0,75.0,0.0,122.0,228.0,151.0,199.0,261.0,44.0,50.0,131.0,83.0,9.0,182.0,42.0,37.0,178.0,63.0,84.0,216.0,50.0,254.0,105.0,0.0,116.0,77.0,19.0,1.0,269.0,22.0,207.0,111.0,1.0,45.0,17.0,102.0,3.0,0.0,45.0,61.0,0.0,3.0,0.0,26.0,78.0,56.0,234.0,339.0,201.0,275.0,144.0,116.0,154.0,78.0,86.0,133.0,68.0,0.0,361.0,138.0,180.0,95.0,236.0,134.0,110.0,35.0,71.0,109.0,160.0,210.0,27.0,77.0,43.0,76.0,236.0,168.0,149.0,126.0,113.0,74.0,87.0,0.0,0.0,0.0,0.0,0.0,0.0,0.0,0.0,k__Bacteria; p__Proteobacteria; c__Alphaproteobacteria; o__Rhodospirillales; f__Rhodospirillaceae; g__; s__
220721,0.0,0.0,0.0,0.0,0.0,0.0,0.0,0.0,3999.0,277.0,1199.0,215.0,61.0,77.0,0.0,517.0,106.0,445.0,627.0,424.0,1.0,142.0,361.0,112.0,352.0,191.0,57.0,172.0,23.0,14.0,630.0,0.0,139.0,346.0,293.0,284.0,526.0,275.0,273.0,197.0,843.0,18.0,120.0,180.0,96.0,599.0,372.0,48.0,106.0,182.0,121.0,70.0,45.0,224.0,139.0,323.0,146.0,37.0,23.0,33.0,210.0,64.0,52.0,460.0,65.0,52.0,0.0,61.0,25.0,0.0,1.0,0.0,2.0,38.0,14.0,150.0,144.0,198.0,95.0,100.0,89.0,165.0,27.0,70.0,115.0,24.0,0.0,134.0,93.0,56.0,127.0,254.0,114.0,148.0,13.0,61.0,48.0,78.0,56.0,40.0,215.0,5.0,76.0,108.0,103.0,76.0,21.0,11.0,84.0,26.0,0.0,2.0,0.0,0.0,0.0,0.0,0.0,0.0,k__Bacteria; p__Acidobacteria; c__Acidobacteriia; o__Acidobacteriales; f__Koribacteraceae; g__; s__
221946,0.0,0.0,0.0,0.0,0.0,0.0,0.0,0.0,4327.0,328.0,1358.0,220.0,64.0,62.0,0.0,1.0,7.0,1089.0,674.0,283.0,302.0,72.0,486.0,61.0,531.0,452.0,59.0,287.0,18.0,57.0,459.0,0.0,546.0,647.0,848.0,1418.0,931.0,578.0,823.0,595.0,471.0,69.0,315.0,233.0,192.0,1037.0,697.0,184.0,244.0,486.0,93.0,108.0,605.0,243.0,335.0,31.0,66.0,93.0,86.0,425.0,471.0,275.0,187.0,99.0,144.0,90.0,0.0,106.0,342.0,0.0,3.0,0.0,12.0,231.0,261.0,18.0,622.0,813.0,966.0,560.0,678.0,408.0,717.0,384.0,356.0,382.0,0.0,239.0,165.0,259.0,265.0,372.0,126.0,234.0,337.0,362.0,264.0,606.0,306.0,104.0,727.0,380.0,155.0,1005.0,44.0,155.0,464.0,215.0,145.0,560.0,0.0,0.0,0.0,0.0,0.0,0.0,0.0,0.0,k__Bacteria; p__Verrucomicrobia; c__[Spartobacteria]; o__[Chthoniobacterales]; f__[Chthoniobacteraceae]; g__DA101; s__
222843,0.0,0.0,0.0,0.0,0.0,0.0,0.0,0.0,5152.0,279.0,4243.0,251.0,121.0,101.0,0.0,1038.0,672.0,732.0,841.0,196.0,316.0,341.0,941.0,54.0,957.0,1139.0,108.0,607.0,105.0,547.0,693.0,0.0,333.0,967.0,982.0,370.0,2843.0,789.0,364.0,385.0,114.0,7.0,74.0,316.0,31.0,196.0,523.0,168.0,560.0,817.0,755.0,571.0,398.0,321.0,1043.0,466.0,299.0,762.0,39.0,147.0,184.0,659.0,208.0,879.0,0.0,18.0,0.0,4.0,7.0,0.0,1.0,0.0,1.0,13.0,6.0,0.0,88.0,40.0,17.0,13.0,21.0,9.0,22.0,7.0,52.0,8.0,0.0,18.0,20.0,54.0,26.0,10.0,0.0,12.0,4.0,16.0,8.0,6.0,36.0,3.0,1.0,5.0,21.0,77.0,100.0,31.0,1.0,12.0,13.0,1.0,0.0,0.0,0.0,0.0,0.0,0.0,0.0,0.0,k__Bacteria; p__Acidobacteria; c__Solibacteres; o__Solibacterales; f__Solibacteraceae; g__; s__
2679706,0.0,0.0,0.0,0.0,0.0,0.0,0.0,0.0,12505.0,899.0,4857.0,496.0,123.0,230.0,0.0,754.0,394.0,1033.0,157.0,1404.0,151.0,209.0,681.0,736.0,235.0,974.0,228.0,334.0,534.0,363.0,254.0,0.0,119.0,366.0,138.0,115.0,659.0,289.0,299.0,279.0,194.0,14.0,124.0,139.0,169.0,365.0,731.0,127.0,104.0,266.0,1115.0,533.0,71.0,609.0,115.0,256.0,271.0,639.0,99.0,294.0,466.0,573.0,46.0,408.0,20.0,1.0,0.0,10.0,33.0,0.0,0.0,0.0,9.0,38.0,17.0,16.0,50.0,70.0,109.0,51.0,14.0,134.0,24.0,26.0,20.0,22.0,0.0,13.0,26.0,89.0,82.0,37.0,144.0,15.0,14.0,38.0,46.0,21.0,42.0,16.0,19.0,20.0,69.0,203.0,117.0,11.0,62.0,13.0,89.0,29.0,0.0,0.0,0.0,0.0,0.0,0.0,0.0,0.0,k__Bacteria; p__Proteobacteria; c__Alphaproteobacteria; o__Ellin329; f__; g__; s__
337578,0.0,2.0,0.0,0.0,2.0,0.0,0.0,0.0,106.0,6.0,19.0,3.0,1.0,0.0,0.0,7.0,4.0,5.0,1.0,3.0,2.0,5.0,10.0,4.0,7.0,6.0,0.0,14.0,8.0,5.0,2.0,0.0,2.0,6.0,4.0,11.0,17.0,3.0,2.0,5.0,2.0,0.0,7.0,3.0,2.0,9.0,4.0,3.0,5.0,5.0,5.0,6.0,1.0,2.0,5.0,1.0,7.0,5.0,2.0,2.0,8.0,11.0,0.0,5.0,2.0,0.0,0.0,4.0,4.0,0.0,0.0,0.0,2.0,1.0,2.0,4.0,5.0,12.0,7.0,1.0,2.0,2.0,2.0,4.0,2.0,2.0,0.0,10.0,4.0,7.0,7.0,3.0,1.0,5.0,1.0,6.0,7.0,8.0,4.0,2.0,9.0,6.0,1.0,14.0,8.0,1.0,4.0,7.0,1.0,7.0,0.0,0.0,0.0,1.0,0.0,0.0,0.0,0.0,k__Bacteria; p__Proteobacteria; c__Alphaproteobacteria; o__Rhizobiales; f__Bradyrhizobiaceae; g__Bradyrhizobium; s__elkanii
34399,0.0,0.0,0.0,0.0,0.0,0.0,0.0,1.0,2775.0,111.0,1243.0,35.0,82.0,12.0,0.0,269.0,0.0,43.0,84.0,32.0,72.0,135.0,118.0,54.0,255.0,81.0,3.0,144.0,23.0,75.0,2.0,0.0,47.0,54.0,44.0,75.0,95.0,90.0,54.0,56.0,121.0,3.0,74.0,51.0,22.0,106.0,178.0,15.0,194.0,167.0,189.0,140.0,0.0,1.0,297.0,15.0,38.0,163.0,73.0,69.0,167.0,60.0,31.0,107.0,0.0,2.0,0.0,1.0,8.0,0.0,1.0,0.0,3.0,24.0,26.0,1.0,39.0,10.0,61.0,12.0,11.0,76.0,3.0,80.0,40.0,3.0,0.0,42.0,153.0,5.0,50.0,15.0,27.0,28.0,18.0,22.0,36.0,8.0,15.0,4.0,59.0,22.0,7.0,7.0,16.0,12.0,28.0,39.0,18.0,48.0,0.0,0.0,0.0,0.0,0.0,0.0,0.0,0.0,k__Bacteria; p__Actinobacteria; c__Thermoleophilia; o__Solirubrobacterales; f__Conexibacteraceae; g__; s__
3469796,0.0,0.0,0.0,0.0,0.0,0.0,0.0,0.0,2316.0,494.0,600.0,239.0,129.0,53.0,0.0,239.0,238.0,718.0,442.0,143.0,3.0,139.0,219.0,381.0,262.0,211.0,87.0,319.0,5.0,162.0,46.0,0.0,169.0,157.0,172.0,284.0,515.0,35.0,197.0,212.0,111.0,13.0,191.0,157.0,176.0,241.0,238.0,334.0,10.0,178.0,226.0,67.0,0.0,2.0,144.0,251.0,111.0,51.0,69.0,51.0,190.0,255.0,108.0,12.0,51.0,40.0,0.0,30.0,52.0,0.0,1.0,0.0,10.0,49.0,26.0,52.0,187.0,49.0,195.0,127.0,55.0,74.0,36.0,68.0,184.0,60.0,1.0,163.0,172.0,94.0,77.0,100.0,151.0,92.0,52.0,69.0,116.0,140.0,136.0,17.0,134.0,69.0,70.0,187.0,82.0,90.0,62.0,69.0,61.0,141.0,0.0,0.0,0.0,0.0,0.0,0.0,0.0,0.0,k__Bacteria; p__Acidobacteria; c__Solibacteres; o__Solibacterales; f__Solibacteraceae; g__Candidatus Solibacter; s__
3581990,0.0,13.0,0.0,0.0,0.0,0.0,3.0,0.0,483.0,8.0,39.0,17.0,1.0,5.0,0.0,18.0,3.0,27.0,8.0,14.0,12.0,8.0,27.0,14.0,17.0,7.0,8.0,8.0,19.0,4.0,6.0,0.0,10.0,7.0,10.0,16.0,18.0,13.0,2.0,5.0,6.0,0.0,10.0,10.0,7.0,11.0,17.0,10.0,10.0,17.0,20.0,11.0,5.0,5.0,6.0,8.0,3.0,13.0,3.0,7.0,7.0,14.0,3.0,11.0,6.0,4.0,0.0,3.0,9.0,0.0,0.0,0.0,0.0,1.0,8.0,23.0,23.0,42.0,40.0,14.0,8.0,13.0,19.0,16.0,9.0,15.0,0.0,27.0,15.0,23.0,28.0,6.0,19.0,7.0,12.0,23.0,24.0,28.0,24.0,4.0,40.0,15.0,22.0,31.0,17.0,20.0,23.0,24.0,23.0,19.0,0.0,0.0,0.0,0.0,0.0,0.0,0.0,0.0,k__Bacteria; p__Proteobacteria; c__Alphaproteobacteria; o__Rhizobiales; f__Bradyrhizobiaceae; g__; s__
4296430,0.0,0.0,0.0,0.0,0.0,0.0,0.0,0.0,16510.0,349.0,6737.0,510.0,217.0,154.0,0.0,196.0,944.0,1191.0,915.0,1201.0,172.0,102.0,577.0,359.0,118.0,557.0,87.0,366.0,34.0,833.0,340.0,0.0,460.0,884.0,289.0,311.0,908.0,298.0,136.0,356.0,149.0,3.0,69.0,136.0,163.0,85.0,453.0,163.0,341.0,344.0,806.0,203.0,507.0,609.0,463.0,202.0,210.0,1223.0,70.0,225.0,626.0,224.0,64.0,280.0,17.0,51.0,0.0,11.0,78.0,0.0,0.0,0.0,2.0,19.0,28.0,0.0,38.0,11.0,44.0,60.0,39.0,33.0,53.0,29.0,17.0,26.0,0.0,71.0,16.0,15.0,0.0,8.0,70.0,9.0,29.0,1.0,31.0,61.0,57.0,4.0,7.0,29.0,3.0,45.0,60.0,40.0,46.0,18.0,64.0,28.0,0.0,0.0,0.0,0.0,0.0,0.0,0.0,0.0,k__Bacteria; p__Bacteroidetes; c__[Saprospirae]; o__[Saprospirales]; f__Chitinophagaceae; g__; s__
4304296,0.0,0.0,0.0,0.0,0.0,0.0,0.0,0.0,3466.0,269.0,922.0,123.0,1.0,28.0,0.0,2.0,0.0,478.0,121.0,145.0,91.0,88.0,113.0,119.0,148.0,66.0,29.0,109.0,21.0,62.0,174.0,0.0,286.0,351.0,175.0,922.0,446.0,198.0,59.0,155.0,116.0,7.0,174.0,59.0,135.0,160.0,132.0,118.0,0.0,250.0,184.0,23.0,38.0,42.0,100.0,78.0,0.0,33.0,107.0,337.0,184.0,138.0,9.0,53.0,182.0,1.0,0.0,60.0,129.0,0.0,1.0,0.0,8.0,78.0,101.0,248.0,133.0,46.0,180.0,181.0,56.0,100.0,104.0,87.0,212.0,102.0,0.0,104.0,60.0,147.0,177.0,73.0,232.0,187.0,37.0,132.0,121.0,101.0,200.0,58.0,233.0,141.0,127.0,380.0,138.0,83.0,222.0,357.0,72.0,291.0,0.0,0.0,0.0,0.0,0.0,0.0,0.0,0.0,k__Bacteria; p__Proteobacteria; c__Deltaproteobacteria; o__Myxococcales; f__; g__; s__
4326152,0.0,0.0,0.0,0.0,0.0,0.0,0.0,0.0,6119.0,335.0,1022.0,125.0,44.0,25.0,0.0,415.0,261.0,296.0,461.0,403.0,196.0,172.0,412.0,703.0,370.0,497.0,188.0,433.0,28.0,48.0,192.0,0.0,188.0,390.0,317.0,555.0,663.0,269.0,103.0,286.0,56.0,49.0,435.0,179.0,233.0,432.0,447.0,338.0,158.0,588.0,429.0,249.0,313.0,215.0,449.0,271.0,386.0,299.0,100.0,103.0,306.0,484.0,80.0,236.0,70.0,104.0,0.0,81.0,229.0,0.0,3.0,0.0,25.0,140.0,172.0,73.0,882.0,150.0,389.0,131.0,193.0,156.0,108.0,154.0,254.0,149.0,0.0,473.0,456.0,391.0,326.0,189.0,95.0,228.0,48.0,180.0,252.0,264.0,490.0,52.0,439.0,108.0,271.0,375.0,275.0,139.0,227.0,206.0,201.0,172.0,0.0,1.0,0.0,0.0,0.0,0.0,0.0,0.0,k__Bacteria; p__Proteobacteria; c__Alphaproteobacteria; o__Rhizobiales; f__Hyphomicrobiaceae; g__Rhodoplanes; s__
4327554,0.0,0.0,0.0,0.0,0.0,0.0,0.0,0.0,3276.0,391.0,1231.0,68.0,76.0,47.0,0.0,298.0,184.0,549.0,325.0,451.0,112.0,306.0,376.0,184.0,257.0,453.0,33.0,620.0,399.0,100.0,149.0,0.0,95.0,79.0,264.0,200.0,559.0,246.0,191.0,109.0,258.0,13.0,257.0,147.0,88.0,463.0,502.0,151.0,423.0,527.0,110.0,136.0,68.0,3.0,423.0,35.0,146.0,239.0,104.0,266.0,417.0,227.0,66.0,157.0,72.0,12.0,0.0,40.0,62.0,0.0,1.0,0.0,31.0,79.0,52.0,215.0,242.0,76.0,247.0,126.0,34.0,136.0,110.0,125.0,242.0,22.0,0.0,147.0,131.0,101.0,123.0,186.0,140.0,104.0,40.0,120.0,85.0,59.0,146.0,28.0,196.0,42.0,158.0,370.0,313.0,134.0,109.0,174.0,128.0,102.0,0.0,0.0,0.0,0.0,0.0,0.0,0.0,0.0,k__Bacteria; p__Actinobacteria; c__Thermoleophilia; o__Gaiellales; f__Gaiellaceae; g__; s__
4339223,0.0,0.0,0.0,0.0,0.0,0.0,0.0,0.0,634.0,78.0,215.0,30.0,2.0,11.0,0.0,9.0,124.0,156.0,107.0,41.0,0.0,41.0,70.0,90.0,41.0,22.0,13.0,149.0,0.0,146.0,82.0,0.0,50.0,79.0,67.0,61.0,191.0,54.0,132.0,6.0,58.0,6.0,99.0,35.0,29.0,146.0,63.0,4.0,2.0,58.0,181.0,103.0,125.0,58.0,65.0,44.0,8.0,4.0,7.0,46.0,31.0,5.0,2.0,15.0,12.0,50.0,0.0,8.0,28.0,0.0,0.0,0.0,7.0,17.0,21.0,7.0,65.0,60.0,36.0,85.0,38.0,12.0,33.0,36.0,58.0,30.0,0.0,33.0,26.0,10.0,26.0,33.0,98.0,30.0,30.0,12.0,51.0,79.0,35.0,15.0,57.0,17.0,7.0,14.0,12.0,66.0,43.0,19.0,7.0,43.0,0.0,3.0,0.0,0.0,0.0,0.0,0.0,0.0,k__Bacteria; p__Acidobacteria; c__Acidobacteria-5; o__; f__; g__; s__
4341176,0.0,0.0,0.0,0.0,0.0,0.0,0.0,0.0,3262.0,376.0,1517.0,182.0,114.0,82.0,0.0,496.0,412.0,716.0,794.0,751.0,467.0,198.0,145.0,508.0,391.0,205.0,45.0,281.0,400.0,0.0,185.0,0.0,166.0,498.0,316.0,416.0,906.0,483.0,158.0,198.0,257.0,15.0,146.0,106.0,158.0,505.0,265.0,73.0,97.0,326.0,217.0,90.0,266.0,110.0,262.0,120.0,448.0,185.0,35.0,39.0,96.0,194.0,182.0,244.0,127.0,54.0,0.0,87.0,175.0,0.0,4.0,0.0,5.0,157.0,166.0,167.0,444.0,365.0,292.0,367.0,123.0,85.0,311.0,143.0,305.0,165.0,0.0,460.0,315.0,507.0,184.0,514.0,430.0,238.0,70.0,174.0,306.0,343.0,678.0,34.0,161.0,110.0,139.0,594.0,189.0,252.0,251.0,247.0,68.0,286.0,0.0,0.0,0.0,0.0,0.0,0.0,0.0,0.0,k__Bacteria; p__Verrucomicrobia; c__[Pedosphaerae]; o__[Pedosphaerales]; f__Ellin515; g__; s__
4341346,0.0,0.0,0.0,0.0,0.0,0.0,0.0,0.0,5772.0,375.0,1046.0,463.0,46.0,50.0,0.0,608.0,199.0,558.0,538.0,364.0,75.0,141.0,765.0,423.0,447.0,601.0,183.0,751.0,30.0,285.0,198.0,0.0,263.0,514.0,161.0,585.0,1083.0,69.0,185.0,364.0,358.0,8.0,121.0,117.0,123.0,255.0,580.0,295.0,152.0,136.0,728.0,269.0,327.0,242.0,151.0,252.0,353.0,0.0,77.0,124.0,199.0,183.0,40.0,321.0,8.0,1.0,0.0,20.0,63.0,0.0,1.0,0.0,21.0,28.0,36.0,85.0,301.0,192.0,267.0,153.0,42.0,148.0,54.0,99.0,114.0,91.0,0.0,132.0,132.0,178.0,122.0,101.0,33.0,94.0,60.0,143.0,184.0,159.0,224.0,30.0,214.0,79.0,97.0,320.0,205.0,113.0,67.0,66.0,87.0,138.0,0.0,0.0,0.0,0.0,0.0,0.0,0.0,0.0,k__Bacteria; p__Gemmatimonadetes; c__Gemmatimonadetes; o__Ellin5290; f__; g__; s__
4342154,0.0,0.0,0.0,0.0,0.0,0.0,0.0,0.0,3128.0,248.0,1241.0,96.0,123.0,213.0,0.0,472.0,236.0,866.0,543.0,183.0,243.0,127.0,293.0,43.0,260.0,394.0,2.0,230.0,382.0,25.0,1068.0,0.0,216.0,331.0,456.0,579.0,1305.0,365.0,287.0,488.0,508.0,13.0,201.0,123.0,169.0,661.0,230.0,100.0,69.0,363.0,111.0,114.0,194.0,108.0,106.0,1.0,46.0,130.0,27.0,126.0,227.0,45.0,93.0,44.0,52.0,32.0,0.0,22.0,86.0,0.0,1.0,0.0,8.0,53.0,33.0,40.0,213.0,184.0,150.0,134.0,147.0,85.0,195.0,189.0,153.0,88.0,0.0,302.0,73.0,162.0,187.0,151.0,100.0,128.0,66.0,111.0,64.0,173.0,122.0,59.0,246.0,77.0,35.0,170.0,25.0,82.0,114.0,132.0,48.0,264.0,0.0,0.0,0.0,0.0,0.0,0.0,0.0,0.0,k__Bacteria; p__Acidobacteria; c__Acidobacteriia; o__Acidobacteriales; f__Koribacteraceae; g__; s__
4342972,0.0,0.0,0.0,0.0,0.0,0.0,0.0,0.0,673.0,38.0,114.0,49.0,110.0,0.0,0.0,123.0,1.0,183.0,258.0,55.0,7.0,142.0,43.0,42.0,58.0,70.0,11.0,142.0,229.0,3.0,72.0,0.0,117.0,412.0,139.0,3318.0,290.0,113.0,520.0,155.0,132.0,33.0,265.0,21.0,83.0,145.0,135.0,35.0,0.0,139.0,146.0,21.0,168.0,0.0,104.0,0.0,1.0,0.0,18.0,13.0,125.0,144.0,54.0,614.0,521.0,183.0,0.0,134.0,474.0,0.0,5.0,0.0,62.0,295.0,178.0,133.0,1256.0,846.0,1193.0,729.0,432.0,654.0,332.0,663.0,832.0,331.0,1.0,586.0,658.0,422.0,650.0,577.0,920.0,615.0,385.0,469.0,1264.0,808.0,1284.0,164.0,803.0,245.0,378.0,735.0,395.0,700.0,641.0,399.0,354.0,871.0,0.0,1.0,0.0,0.0,0.0,0.0,0.0,0.0,k__Bacteria; p__Verrucomicrobia; c__[Spartobacteria]; o__[Chthoniobacterales]; f__[Chthoniobacteraceae]; g__DA101; s__
4343392,0.0,0.0,0.0,0.0,0.0,0.0,0.0,0.0,4321.0,130.0,643.0,203.0,59.0,73.0,0.0,567.0,164.0,759.0,157.0,294.0,98.0,307.0,656.0,255.0,384.0,314.0,244.0,413.0,9.0,149.0,404.0,0.0,94.0,356.0,239.0,360.0,671.0,334.0,219.0,227.0,169.0,20.0,187.0,97.0,243.0,59.0,131.0,251.0,111.0,292.0,506.0,123.0,143.0,80.0,227.0,232.0,69.0,103.0,118.0,139.0,475.0,221.0,70.0,208.0,124.0,45.0,0.0,37.0,61.0,0.0,1.0,0.0,27.0,85.0,44.0,90.0,309.0,452.0,298.0,173.0,95.0,126.0,60.0,119.0,232.0,145.0,2.0,176.0,233.0,247.0,143.0,180.0,36.0,127.0,56.0,100.0,149.0,70.0,165.0,81.0,273.0,143.0,429.0,384.0,218.0,143.0,119.0,179.0,309.0,301.0,0.0,0.0,0.0,0.0,0.0,0.0,0.0,0.0,k__Bacteria; p__Proteobacteria; c__Alphaproteobacteria; o__Sphingomonadales; f__Sphingomonadaceae; g__; s__
4344358,0.0,0.0,0.0,0.0,0.0,0.0,0.0,0.0,1881.0,300.0,869.0,45.0,46.0,21.0,0.0,107.0,2.0,375.0,96.0,136.0,0.0,66.0,171.0,64.0,174.0,257.0,44.0,287.0,11.0,37.0,72.0,0.0,53.0,30.0,114.0,102.0,158.0,96.0,37.0,24.0,108.0,2.0,131.0,88.0,61.0,256.0,263.0,34.0,161.0,74.0,95.0,47.0,0.0,32.0,121.0,1.0,2.0,143.0,64.0,197.0,140.0,60.0,0.0,50.0,6.0,33.0,0.0,22.0,15.0,0.0,0.0,0.0,28.0,35.0,24.0,162.0,73.0,97.0,133.0,18.0,33.0,244.0,8.0,36.0,39.0,21.0,1.0,39.0,68.0,50.0,40.0,91.0,1145.0,13.0,16.0,12.0,23.0,8.0,34.0,7.0,154.0,10.0,62.0,258.0,340.0,11.0,31.0,14.0,173.0,25.0,0.0,0.0,0.0,0.0,0.0,0.0,0.0,0.0,k__Bacteria; p__Actinobacteria; c__Thermoleophilia; o__Gaiellales; f__Gaiellaceae; g__; s__
4353325,0.0,0.0,0.0,0.0,0.0,0.0,0.0,0.0,186.0,5.0,39.0,9.0,0.0,0.0,0.0,10.0,10.0,2.0,15.0,12.0,17.0,2.0,25.0,10.0,7.0,13.0,6.0,8.0,7.0,3.0,5.0,0.0,8.0,12.0,16.0,4.0,25.0,9.0,5.0,7.0,4.0,1.0,25.0,6.0,24.0,4.0,14.0,22.0,3.0,57.0,31.0,3.0,91.0,6.0,18.0,4.0,4.0,5.0,1.0,4.0,4.0,2.0,1.0,8.0,4.0,4.0,0.0,7.0,9.0,0.0,1.0,0.0,31.0,6.0,1.0,57.0,35.0,56.0,139.0,18.0,26.0,96.0,13.0,65.0,23.0,21.0,1.0,14.0,20.0,30.0,26.0,10.0,45.0,14.0,9.0,17.0,27.0,13.0,29.0,5.0,38.0,9.0,25.0,37.0,18.0,12.0,17.0,12.0,27.0,21.0,0.0,0.0,0.0,0.0,0.0,0.0,0.0,0.0,k__Bacteria; p__Proteobacteria; c__Alphaproteobacteria; o__Sphingomonadales; f__Sphingomonadaceae; g__; s__
4357676,0.0,0.0,0.0,0.0,0.0,0.0,0.0,0.0,13633.0,252.0,1637.0,450.0,33.0,63.0,0.0,430.0,243.0,639.0,892.0,36.0,598.0,207.0,497.0,292.0,341.0,326.0,110.0,165.0,319.0,418.0,366.0,0.0,674.0,236.0,313.0,1174.0,1084.0,132.0,892.0,490.0,420.0,57.0,910.0,187.0,468.0,763.0,360.0,275.0,118.0,224.0,503.0,149.0,43.0,57.0,244.0,204.0,37.0,150.0,302.0,683.0,1120.0,499.0,117.0,97.0,99.0,51.0,0.0,60.0,66.0,0.0,2.0,1.0,92.0,132.0,36.0,441.0,670.0,333.0,1410.0,460.0,126.0,976.0,120.0,239.0,314.0,115.0,10.0,254.0,303.0,609.0,282.0,369.0,669.0,159.0,88.0,280.0,239.0,176.0,329.0,75.0,322.0,167.0,219.0,472.0,313.0,228.0,147.0,177.0,355.0,222.0,0.0,0.0,0.0,0.0,0.0,0.0,0.0,0.0,k__Bacteria; p__Proteobacteria; c__Betaproteobacteria; o__Ellin6067; f__; g__; s__
4359889,0.0,0.0,0.0,0.0,0.0,0.0,0.0,0.0,6144.0,372.0,1965.0,467.0,119.0,44.0,0.0,237.0,28.0,886.0,890.0,506.0,318.0,195.0,721.0,695.0,311.0,807.0,187.0,673.0,13.0,229.0,163.0,0.0,148.0,281.0,196.0,368.0,661.0,152.0,382.0,201.0,0.0,9.0,114.0,55.0,118.0,210.0,482.0,268.0,295.0,309.0,665.0,196.0,354.0,320.0,122.0,289.0,272.0,122.0,70.0,143.0,276.0,666.0,202.0,247.0,57.0,0.0,0.0,37.0,47.0,0.0,2.0,0.0,8.0,36.0,27.0,50.0,293.0,110.0,78.0,115.0,42.0,101.0,153.0,77.0,170.0,66.0,0.0,206.0,65.0,135.0,113.0,117.0,72.0,62.0,55.0,109.0,96.0,171.0,176.0,14.0,63.0,49.0,89.0,94.0,111.0,20.0,57.0,69.0,62.0,88.0,0.0,1.0,0.0,0.0,0.0,0.0,0.0,0.0,k__Bacteria; p__Acidobacteria; c__Solibacteres; o__Solibacterales; f__Solibacteraceae; g__Candidatus Solibacter; s__
4371080,0.0,0.0,0.0,0.0,0.0,0.0,0.0,0.0,1201.0,164.0,521.0,61.0,38.0,97.0,0.0,163.0,161.0,21.0,150.0,101.0,447.0,135.0,269.0,86.0,98.0,134.0,16.0,99.0,2.0,24.0,36.0,0.0,24.0,143.0,119.0,224.0,198.0,17.0,129.0,93.0,94.0,19.0,113.0,72.0,90.0,217.0,204.0,139.0,72.0,164.0,75.0,89.0,1.0,3.0,125.0,33.0,86.0,108.0,16.0,59.0,242.0,123.0,21.0,113.0,28.0,0.0,0.0,6.0,16.0,0.0,0.0,0.0,2.0,11.0,16.0,6.0,128.0,19.0,48.0,86.0,0.0,47.0,59.0,65.0,63.0,24.0,0.0,37.0,106.0,92.0,25.0,54.0,22.0,12.0,4.0,46.0,57.0,58.0,52.0,5.0,42.0,8.0,42.0,78.0,37.0,25.0,35.0,66.0,21.0,33.0,0.0,0.0,0.0,0.0,0.0,0.0,0.0,0.0,k__Bacteria; p__Acidobacteria; c__Solibacteres; o__Solibacterales; f__Solibacteraceae; g__Candidatus Solibacter; s__
4375014,0.0,0.0,0.0,0.0,0.0,0.0,0.0,0.0,8995.0,887.0,2275.0,749.0,96.0,81.0,0.0,763.0,99.0,1282.0,1284.0,663.0,277.0,338.0,926.0,1024.0,1071.0,446.0,429.0,570.0,253.0,581.0,332.0,0.0,494.0,668.0,602.0,1358.0,1533.0,327.0,924.0,406.0,390.0,48.0,598.0,184.0,407.0,853.0,930.0,594.0,161.0,584.0,1156.0,630.0,511.0,520.0,408.0,1032.0,331.0,411.0,127.0,271.0,498.0,817.0,318.0,512.0,162.0,6.0,0.0,87.0,194.0,0.0,5.0,0.0,40.0,92.0,110.0,290.0,657.0,454.0,421.0,291.0,165.0,209.0,175.0,261.0,358.0,117.0,0.0,470.0,389.0,419.0,238.0,357.0,525.0,217.0,116.0,197.0,382.0,330.0,461.0,64.0,231.0,125.0,160.0,498.0,461.0,176.0,265.0,312.0,195.0,284.0,0.0,0.0,0.0,0.0,0.0,0.0,0.0,0.0,k__Bacteria; p__Acidobacteria; c__Solibacteres; o__Solibacterales; f__Solibacteraceae; g__Candidatus Solibacter; s__
4377104,0.0,836.0,0.0,0.0,345.0,0.0,602.0,0.0,77038.0,2745.0,8429.0,1730.0,397.0,371.0,0.0,3136.0,794.0,3252.0,2676.0,3247.0,1648.0,1729.0,3893.0,2481.0,2773.0,2240.0,1007.0,2756.0,3547.0,1213.0,1762.0,0.0,1278.0,1427.0,1386.0,2435.0,2997.0,1835.0,1543.0,1041.0,818.0,162.0,1362.0,1133.0,1201.0,2422.0,3451.0,1615.0,2041.0,2748.0,3705.0,2729.0,1088.0,1215.0,1314.0,1374.0,950.0,2344.0,917.0,1418.0,2333.0,3157.0,851.0,2938.0,644.0,684.0,52.0,605.0,916.0,0.0,18.0,0.0,133.0,635.0,682.0,2390.0,2419.0,3812.0,3894.0,1301.0,1254.0,1192.0,902.0,1823.0,1977.0,1191.0,4.0,3226.0,2148.0,2670.0,2890.0,1399.0,1738.0,880.0,903.0,1662.0,2315.0,2617.0,2996.0,660.0,4675.0,1831.0,1925.0,3104.0,2355.0,1430.0,2456.0,2391.0,2254.0,2983.0,0.0,5.0,0.0,43.0,0.0,0.0,0.0,0.0,k__Bacteria; p__Proteobacteria; c__Alphaproteobacteria; o__Rhizobiales; f__Bradyrhizobiaceae; g__; s__
4378791,0.0,0.0,0.0,0.0,0.0,0.0,0.0,0.0,1791.0,71.0,400.0,87.0,62.0,20.0,0.0,4.0,11.0,164.0,41.0,51.0,321.0,6.0,84.0,35.0,21.0,17.0,23.0,75.0,0.0,93.0,227.0,0.0,70.0,15.0,35.0,241.0,47.0,5.0,26.0,16.0,5.0,4.0,37.0,52.0,18.0,69.0,20.0,71.0,71.0,968.0,428.0,14.0,440.0,39.0,82.0,67.0,75.0,159.0,41.0,3.0,32.0,36.0,23.0,35.0,70.0,0.0,0.0,35.0,60.0,0.0,0.0,0.0,8.0,17.0,27.0,39.0,105.0,112.0,50.0,46.0,46.0,11.0,145.0,25.0,123.0,87.0,0.0,73.0,78.0,21.0,69.0,9.0,132.0,43.0,48.0,15.0,42.0,47.0,82.0,13.0,37.0,54.0,51.0,42.0,16.0,36.0,63.0,90.0,47.0,170.0,0.0,0.0,0.0,0.0,0.0,0.0,0.0,0.0,k__Bacteria; p__Bacteroidetes; c__[Saprospirae]; o__[Saprospirales]; f__Chitinophagaceae; g__Flavisolibacter; s__
4382279,0.0,0.0,0.0,0.0,0.0,0.0,0.0,0.0,1563.0,69.0,414.0,55.0,29.0,9.0,0.0,0.0,0.0,153.0,63.0,201.0,0.0,41.0,85.0,31.0,73.0,22.0,15.0,243.0,3.0,35.0,49.0,0.0,70.0,43.0,14.0,105.0,180.0,2.0,74.0,41.0,37.0,2.0,91.0,31.0,25.0,30.0,178.0,23.0,47.0,68.0,54.0,75.0,1.0,0.0,54.0,58.0,102.0,31.0,37.0,39.0,118.0,41.0,2.0,129.0,148.0,24.0,0.0,82.0,155.0,0.0,4.0,0.0,38.0,118.0,42.0,292.0,237.0,265.0,915.0,220.0,88.0,343.0,238.0,253.0,282.0,125.0,2.0,359.0,204.0,443.0,157.0,407.0,422.0,157.0,103.0,106.0,107.0,86.0,192.0,101.0,482.0,222.0,385.0,843.0,630.0,282.0,357.0,375.0,355.0,270.0,0.0,0.0,0.0,0.0,0.0,0.0,0.0,0.0,k__Bacteria; p__Actinobacteria; c__Actinobacteria; o__Actinomycetales; f__Micromonosporaceae; g__Virgisporangium; s__
4397941,0.0,0.0,0.0,0.0,0.0,0.0,0.0,0.0,5408.0,555.0,3156.0,319.0,215.0,157.0,1.0,636.0,184.0,574.0,1162.0,82.0,5.0,393.0,880.0,420.0,933.0,554.0,170.0,1146.0,113.0,71.0,339.0,0.0,182.0,535.0,454.0,480.0,1363.0,313.0,417.0,250.0,113.0,26.0,367.0,146.0,186.0,615.0,1092.0,336.0,406.0,513.0,519.0,185.0,293.0,492.0,502.0,563.0,298.0,730.0,71.0,278.0,428.0,603.0,203.0,559.0,11.0,0.0,0.0,21.0,37.0,0.0,2.0,0.0,15.0,49.0,21.0,39.0,166.0,169.0,139.0,106.0,11.0,67.0,36.0,58.0,92.0,28.0,1.0,85.0,106.0,80.0,46.0,94.0,44.0,66.0,48.0,53.0,67.0,75.0,209.0,18.0,94.0,74.0,55.0,163.0,105.0,23.0,102.0,80.0,37.0,59.0,0.0,0.0,0.0,0.0,0.0,0.0,0.0,0.0,k__Bacteria; p__Acidobacteria; c__Solibacteres; o__Solibacterales; f__Solibacteraceae; g__Candidatus Solibacter; s__
4400615,0.0,0.0,0.0,0.0,0.0,0.0,0.0,0.0,1731.0,322.0,714.0,112.0,75.0,30.0,0.0,175.0,0.0,237.0,91.0,245.0,134.0,55.0,172.0,74.0,139.0,198.0,21.0,91.0,51.0,348.0,133.0,0.0,128.0,233.0,205.0,155.0,1000.0,194.0,712.0,338.0,196.0,5.0,131.0,137.0,48.0,381.0,110.0,52.0,29.0,114.0,265.0,105.0,169.0,28.0,245.0,73.0,26.0,127.0,99.0,213.0,301.0,192.0,78.0,91.0,0.0,2.0,0.0,16.0,36.0,0.0,1.0,0.0,9.0,20.0,46.0,300.0,58.0,80.0,93.0,19.0,8.0,66.0,55.0,66.0,44.0,13.0,0.0,61.0,7.0,18.0,28.0,9.0,4.0,35.0,8.0,81.0,44.0,104.0,180.0,10.0,45.0,15.0,50.0,16.0,108.0,36.0,10.0,19.0,27.0,72.0,0.0,0.0,0.0,0.0,0.0,0.0,0.0,0.0,k__Bacteria; p__Bacteroidetes; c__[Saprospirae]; o__[Saprospirales]; f__Chitinophagaceae; g__Flavisolibacter; s__
4401307,0.0,0.0,0.0,0.0,0.0,0.0,0.0,0.0,4411.0,225.0,836.0,125.0,1.0,23.0,0.0,154.0,257.0,366.0,466.0,320.0,1.0,176.0,683.0,256.0,407.0,464.0,36.0,213.0,635.0,236.0,10.0,0.0,80.0,185.0,185.0,207.0,763.0,167.0,112.0,126.0,127.0,15.0,195.0,115.0,99.0,225.0,374.0,169.0,85.0,333.0,223.0,250.0,191.0,0.0,126.0,76.0,0.0,127.0,75.0,144.0,304.0,589.0,68.0,571.0,552.0,182.0,0.0,190.0,242.0,0.0,3.0,0.0,55.0,522.0,490.0,429.0,1483.0,1102.0,1817.0,668.0,549.0,583.0,651.0,721.0,977.0,394.0,0.0,1644.0,1172.0,1344.0,1685.0,967.0,585.0,588.0,261.0,912.0,999.0,902.0,756.0,295.0,3481.0,1013.0,773.0,1483.0,544.0,631.0,1045.0,1403.0,766.0,1685.0,0.0,0.0,0.0,0.0,0.0,0.0,0.0,0.0,k__Bacteria; p__Proteobacteria; c__Alphaproteobacteria; o__Rhizobiales; f__Hyphomicrobiaceae; g__Rhodoplanes; s__
4407979,0.0,2.0,0.0,0.0,3178.0,0.0,371.0,3.0,328.0,71.0,312.0,20.0,89.0,0.0,0.0,726.0,91.0,32.0,241.0,167.0,315.0,26.0,70.0,0.0,227.0,70.0,6.0,128.0,5.0,89.0,2.0,0.0,66.0,145.0,121.0,61.0,128.0,60.0,208.0,18.0,24.0,1.0,70.0,89.0,20.0,136.0,107.0,47.0,0.0,84.0,16.0,16.0,19.0,0.0,34.0,29.0,0.0,26.0,7.0,75.0,125.0,80.0,89.0,41.0,1289.0,477.0,0.0,106.0,102.0,0.0,12.0,0.0,81.0,179.0,109.0,1036.0,1348.0,127.0,750.0,179.0,110.0,747.0,45.0,374.0,1167.0,40.0,2.0,819.0,540.0,1634.0,585.0,837.0,1596.0,848.0,234.0,166.0,521.0,48.0,462.0,50.0,1873.0,450.0,775.0,2605.0,729.0,862.0,991.0,473.0,636.0,1498.0,1.0,0.0,0.0,0.0,0.0,0.0,0.0,0.0,k__Bacteria; p__Firmicutes; c__Bacilli; o__Bacillales; f__Planococcaceae; g__Lysinibacillus; s__boronitolerans
4411088,0.0,0.0,0.0,0.0,0.0,0.0,0.0,0.0,7900.0,447.0,3804.0,170.0,60.0,126.0,0.0,348.0,973.0,669.0,141.0,177.0,361.0,256.0,955.0,132.0,683.0,253.0,34.0,609.0,1095.0,220.0,378.0,0.0,265.0,401.0,344.0,426.0,491.0,371.0,452.0,249.0,258.0,16.0,609.0,226.0,137.0,501.0,957.0,242.0,194.0,560.0,273.0,245.0,362.0,42.0,382.0,234.0,149.0,572.0,280.0,362.0,921.0,397.0,213.0,577.0,647.0,108.0,0.0,282.0,300.0,1.0,7.0,0.0,148.0,718.0,334.0,1497.0,1442.0,1222.0,2181.0,1042.0,828.0,1829.0,651.0,962.0,1133.0,258.0,2.0,936.0,891.0,632.0,950.0,1500.0,3017.0,506.0,137.0,419.0,382.0,455.0,336.0,220.0,1670.0,269.0,957.0,1435.0,1029.0,905.0,453.0,741.0,586.0,792.0,0.0,0.0,0.0,0.0,0.0,0.0,0.0,0.0,k__Bacteria; p__Actinobacteria; c__Actinobacteria; o__Actinomycetales; f__; g__; s__
4417475,0.0,1.0,0.0,0.0,0.0,0.0,0.0,0.0,16975.0,1770.0,7700.0,847.0,453.0,321.0,0.0,457.0,447.0,1443.0,504.0,698.0,526.0,566.0,1135.0,1360.0,739.0,1142.0,370.0,675.0,1441.0,372.0,346.0,0.0,237.0,330.0,532.0,502.0,1071.0,294.0,309.0,429.0,455.0,23.0,389.0,229.0,302.0,785.0,971.0,375.0,268.0,812.0,1774.0,957.0,1368.0,1328.0,695.0,669.0,152.0,1337.0,88.0,262.0,394.0,282.0,118.0,793.0,64.0,57.0,0.0,53.0,115.0,0.0,3.0,0.0,16.0,34.0,51.0,66.0,226.0,400.0,301.0,151.0,95.0,215.0,73.0,87.0,133.0,195.0,2.0,133.0,223.0,175.0,169.0,115.0,305.0,98.0,77.0,112.0,212.0,176.0,310.0,38.0,175.0,68.0,321.0,433.0,283.0,102.0,171.0,73.0,108.0,139.0,0.0,0.0,0.0,0.0,0.0,0.0,0.0,0.0,k__Bacteria; p__Proteobacteria; c__Alphaproteobacteria; o__Ellin329; f__; g__; s__
4418001,0.0,0.0,0.0,0.0,0.0,0.0,0.0,0.0,11238.0,468.0,2517.0,267.0,93.0,119.0,0.0,607.0,39.0,1161.0,568.0,569.0,257.0,271.0,846.0,623.0,623.0,952.0,227.0,542.0,1045.0,278.0,137.0,0.0,219.0,448.0,358.0,505.0,794.0,447.0,181.0,323.0,234.0,32.0,397.0,235.0,219.0,657.0,700.0,282.0,425.0,529.0,852.0,646.0,256.0,495.0,403.0,372.0,387.0,488.0,183.0,368.0,345.0,304.0,184.0,312.0,160.0,82.0,0.0,64.0,132.0,0.0,3.0,0.0,31.0,105.0,137.0,371.0,563.0,446.0,731.0,253.0,203.0,312.0,153.0,119.0,269.0,181.0,2.0,299.0,314.0,557.0,432.0,188.0,267.0,124.0,135.0,141.0,324.0,193.0,349.0,57.0,440.0,209.0,310.0,395.0,509.0,211.0,354.0,161.0,326.0,350.0,0.0,4.0,0.0,0.0,0.0,0.0,0.0,0.0,k__Bacteria; p__Proteobacteria; c__Alphaproteobacteria; o__Rhizobiales; f__Hyphomicrobiaceae; g__Rhodoplanes; s__
4419276,0.0,818.0,0.0,0.0,164.0,0.0,1940.0,1.0,3232.0,50.0,197.0,33.0,1.0,14.0,0.0,63.0,0.0,1.0,21.0,118.0,0.0,312.0,12.0,20.0,1431.0,64.0,21.0,59.0,26.0,30.0,0.0,0.0,136.0,57.0,7.0,22.0,115.0,53.0,6.0,32.0,67.0,0.0,34.0,12.0,22.0,23.0,28.0,1.0,142.0,64.0,941.0,10.0,0.0,2.0,3.0,1.0,221.0,23.0,5.0,0.0,1.0,2.0,0.0,1.0,23.0,21.0,0.0,20.0,22.0,0.0,2.0,0.0,20.0,35.0,9.0,164.0,97.0,112.0,34.0,53.0,18.0,25.0,45.0,7.0,7.0,61.0,0.0,22.0,30.0,8.0,57.0,9.0,95.0,49.0,12.0,4.0,32.0,16.0,14.0,12.0,65.0,27.0,35.0,59.0,30.0,32.0,36.0,22.0,33.0,54.0,0.0,0.0,4.0,39.0,0.0,1.0,0.0,0.0,k__Bacteria; p__Proteobacteria; c__Gammaproteobacteria; o__Pseudomonadales; f__Pseudomonadaceae; g__Pseudomonas; s__
4426763,0.0,0.0,0.0,0.0,0.0,0.0,1.0,0.0,6692.0,550.0,3955.0,299.0,183.0,210.0,0.0,289.0,1.0,371.0,270.0,355.0,2.0,427.0,425.0,227.0,440.0,816.0,108.0,685.0,267.0,473.0,137.0,0.0,217.0,277.0,187.0,443.0,486.0,374.0,156.0,175.0,55.0,0.0,339.0,150.0,63.0,385.0,227.0,151.0,653.0,106.0,328.0,138.0,336.0,32.0,314.0,68.0,267.0,715.0,79.0,175.0,268.0,31.0,0.0,28.0,14.0,1.0,0.0,5.0,25.0,1.0,0.0,1.0,40.0,4.0,15.0,0.0,27.0,161.0,33.0,31.0,27.0,24.0,2.0,7.0,18.0,5.0,0.0,6.0,15.0,43.0,7.0,52.0,45.0,18.0,5.0,6.0,18.0,22.0,67.0,4.0,21.0,4.0,19.0,34.0,82.0,57.0,19.0,2.0,21.0,13.0,0.0,0.0,0.0,0.0,0.0,0.0,0.0,0.0,k__Bacteria; p__Proteobacteria; c__Betaproteobacteria; o__Burkholderiales; f__Comamonadaceae; g__; s__
4426791,0.0,0.0,0.0,0.0,0.0,0.0,0.0,0.0,2731.0,177.0,887.0,95.0,63.0,86.0,0.0,147.0,0.0,450.0,189.0,128.0,0.0,70.0,136.0,241.0,98.0,233.0,102.0,223.0,60.0,23.0,114.0,0.0,87.0,120.0,117.0,282.0,156.0,23.0,55.0,26.0,48.0,14.0,30.0,28.0,65.0,76.0,183.0,75.0,140.0,104.0,306.0,52.0,56.0,41.0,65.0,120.0,0.0,169.0,41.0,33.0,50.0,44.0,40.0,48.0,32.0,1.0,1.0,28.0,53.0,0.0,0.0,0.0,24.0,71.0,40.0,114.0,331.0,71.0,182.0,93.0,69.0,102.0,153.0,108.0,134.0,56.0,3.0,81.0,119.0,189.0,60.0,150.0,94.0,113.0,69.0,111.0,144.0,126.0,251.0,26.0,252.0,95.0,161.0,247.0,181.0,81.0,145.0,170.0,66.0,207.0,0.0,0.0,0.0,0.0,0.0,0.0,0.0,0.0,k__Bacteria; p__Planctomycetes; c__Phycisphaerae; o__WD2101; f__; g__; s__
4435982,0.0,28632.0,0.0,0.0,12205.0,0.0,185.0,0.0,1941.0,113.0,1638.0,105.0,75.0,54.0,0.0,6.0,17.0,259.0,107.0,234.0,8.0,141.0,59.0,171.0,1282.0,3.0,91.0,117.0,35.0,97.0,52.0,0.0,57.0,2.0,15.0,46.0,71.0,27.0,9.0,29.0,2.0,0.0,3.0,21.0,17.0,10.0,1.0,83.0,66.0,2.0,125.0,65.0,137.0,41.0,100.0,138.0,76.0,285.0,9.0,1.0,4.0,14.0,24.0,1.0,36.0,172.0,0.0,439.0,30.0,0.0,32.0,1.0,309.0,12.0,107.0,85.0,148.0,117.0,58.0,49.0,21.0,120.0,58.0,40.0,54.0,66.0,1.0,95.0,88.0,16.0,30.0,7.0,56.0,54.0,25.0,9.0,53.0,47.0,52.0,10.0,99.0,24.0,19.0,127.0,40.0,66.0,82.0,16.0,196.0,32.0,0.0,0.0,0.0,21.0,0.0,0.0,0.0,0.0,k__Bacteria; p__Proteobacteria; c__Gammaproteobacteria; o__Pseudomonadales; f__Pseudomonadaceae; g__Pseudomonas; s__veronii
4438361,0.0,0.0,0.0,0.0,0.0,0.0,0.0,0.0,1514.0,356.0,1116.0,107.0,215.0,76.0,0.0,376.0,383.0,514.0,333.0,84.0,0.0,124.0,147.0,158.0,160.0,413.0,20.0,59.0,77.0,77.0,133.0,0.0,55.0,319.0,197.0,170.0,244.0,71.0,1.0,200.0,0.0,26.0,112.0,30.0,114.0,248.0,317.0,13.0,15.0,2.0,115.0,79.0,153.0,49.0,64.0,38.0,16.0,378.0,14.0,37.0,21.0,61.0,14.0,48.0,62.0,29.0,0.0,25.0,90.0,0.0,1.0,0.0,18.0,19.0,36.0,156.0,310.0,187.0,192.0,169.0,127.0,119.0,194.0,53.0,53.0,82.0,1.0,139.0,52.0,52.0,44.0,61.0,124.0,132.0,67.0,45.0,94.0,225.0,97.0,19.0,117.0,43.0,20.0,94.0,28.0,20.0,92.0,45.0,45.0,106.0,0.0,0.0,0.0,0.0,0.0,0.0,0.0,0.0,k__Bacteria; p__Acidobacteria; c__Solibacteres; o__Solibacterales; f__; g__; s__
4439707,0.0,0.0,0.0,0.0,0.0,0.0,0.0,0.0,2449.0,64.0,183.0,71.0,37.0,33.0,0.0,1.0,1.0,99.0,139.0,34.0,3.0,105.0,59.0,10.0,50.0,64.0,10.0,39.0,1.0,2.0,32.0,0.0,112.0,44.0,34.0,212.0,280.0,30.0,65.0,134.0,137.0,10.0,214.0,66.0,107.0,201.0,38.0,97.0,47.0,10.0,168.0,14.0,23.0,0.0,1.0,20.0,76.0,1.0,72.0,167.0,252.0,135.0,48.0,180.0,39.0,0.0,0.0,10.0,6.0,0.0,0.0,0.0,8.0,43.0,13.0,121.0,161.0,42.0,190.0,70.0,12.0,95.0,9.0,53.0,87.0,25.0,2.0,79.0,89.0,107.0,57.0,34.0,114.0,29.0,18.0,34.0,34.0,40.0,62.0,25.0,44.0,22.0,69.0,134.0,226.0,16.0,10.0,28.0,67.0,76.0,0.0,0.0,0.0,0.0,0.0,0.0,0.0,0.0,k__Bacteria; p__Proteobacteria; c__Betaproteobacteria; o__Ellin6067; f__; g__; s__
4445432,0.0,0.0,0.0,0.0,0.0,0.0,0.0,0.0,2239.0,99.0,1431.0,103.0,25.0,18.0,0.0,96.0,46.0,100.0,272.0,132.0,154.0,45.0,84.0,69.0,31.0,93.0,28.0,24.0,16.0,138.0,35.0,0.0,24.0,140.0,83.0,46.0,167.0,89.0,52.0,86.0,12.0,3.0,23.0,28.0,26.0,47.0,122.0,13.0,65.0,0.0,243.0,17.0,238.0,402.0,17.0,75.0,153.0,251.0,6.0,12.0,48.0,56.0,1.0,24.0,19.0,115.0,0.0,18.0,38.0,0.0,0.0,0.0,25.0,51.0,49.0,64.0,212.0,122.0,153.0,35.0,60.0,134.0,108.0,104.0,60.0,17.0,1.0,58.0,52.0,153.0,17.0,97.0,1.0,28.0,19.0,35.0,53.0,108.0,65.0,20.0,90.0,20.0,62.0,118.0,44.0,45.0,32.0,42.0,43.0,188.0,0.0,0.0,0.0,0.0,0.0,0.0,0.0,0.0,k__Bacteria; p__Bacteroidetes; c__[Saprospirae]; o__[Saprospirales]; f__Chitinophagaceae; g__; s__
4446003,0.0,0.0,0.0,0.0,0.0,0.0,0.0,0.0,1271.0,467.0,7283.0,139.0,186.0,302.0,0.0,1387.0,890.0,497.0,1542.0,2514.0,360.0,501.0,14908.0,90.0,1369.0,2191.0,111.0,616.0,1607.0,198.0,805.0,0.0,211.0,1206.0,2416.0,253.0,1992.0,6063.0,478.0,1048.0,720.0,208.0,1053.0,822.0,484.0,2708.0,3096.0,142.0,335.0,4060.0,787.0,271.0,210.0,50.0,5338.0,92.0,123.0,39.0,352.0,497.0,3011.0,1418.0,1287.0,6659.0,3.0,38.0,0.0,56.0,14.0,0.0,1.0,0.0,6.0,21.0,13.0,25.0,109.0,122.0,184.0,47.0,33.0,70.0,7.0,30.0,43.0,22.0,0.0,50.0,36.0,152.0,31.0,91.0,59.0,25.0,4.0,59.0,64.0,60.0,154.0,27.0,106.0,28.0,81.0,407.0,747.0,29.0,60.0,95.0,101.0,18.0,0.0,0.0,0.0,0.0,0.0,0.0,0.0,0.0,k__Bacteria; p__Acidobacteria; c__[Chloracidobacteria]; o__RB41; f__; g__; s__
4450795,0.0,779.0,0.0,0.0,72.0,0.0,649.0,0.0,49.0,3.0,19.0,11.0,0.0,0.0,0.0,2.0,197.0,164.0,38.0,373.0,131.0,18.0,10.0,12.0,22.0,108.0,1.0,79.0,315.0,574.0,56.0,1.0,546.0,97.0,148.0,141.0,38.0,71.0,65.0,10.0,3.0,1.0,16.0,96.0,73.0,25.0,82.0,2.0,219.0,51.0,74.0,39.0,71.0,10.0,71.0,2.0,114.0,1.0,6.0,113.0,40.0,0.0,1.0,1.0,0.0,17.0,0.0,57.0,11.0,0.0,0.0,0.0,2.0,35.0,20.0,0.0,234.0,174.0,131.0,10.0,18.0,30.0,20.0,24.0,20.0,10.0,0.0,37.0,17.0,5.0,91.0,9.0,1.0,34.0,8.0,10.0,15.0,1.0,3.0,5.0,49.0,9.0,18.0,33.0,47.0,76.0,37.0,41.0,3.0,13.0,0.0,0.0,2.0,148.0,0.0,0.0,0.0,0.0,k__Bacteria; p__Proteobacteria; c__Gammaproteobacteria; o__Pseudomonadales; f__Moraxellaceae; g__Acinetobacter; s__
4451942,0.0,0.0,0.0,0.0,0.0,0.0,0.0,0.0,5078.0,485.0,2135.0,286.0,120.0,189.0,0.0,461.0,318.0,805.0,672.0,223.0,59.0,187.0,305.0,139.0,282.0,270.0,26.0,214.0,53.0,132.0,579.0,0.0,228.0,451.0,507.0,433.0,675.0,524.0,631.0,479.0,641.0,29.0,275.0,279.0,201.0,730.0,516.0,143.0,187.0,146.0,22.0,126.0,103.0,170.0,355.0,53.0,74.0,183.0,83.0,169.0,509.0,129.0,29.0,283.0,124.0,59.0,0.0,137.0,198.0,0.0,6.0,0.0,31.0,496.0,135.0,227.0,672.0,705.0,799.0,684.0,353.0,589.0,408.0,414.0,449.0,225.0,1.0,619.0,492.0,467.0,402.0,659.0,409.0,527.0,162.0,246.0,314.0,450.0,436.0,137.0,598.0,171.0,216.0,697.0,202.0,380.0,350.0,291.0,205.0,449.0,0.0,0.0,0.0,0.0,0.0,0.0,0.0,0.0,k__Bacteria; p__Acidobacteria; c__Acidobacteriia; o__Acidobacteriales; f__Koribacteraceae; g__; s__
4452118,0.0,308.0,0.0,0.0,97.0,0.0,1139.0,0.0,2127.0,562.0,1786.0,100.0,44.0,41.0,0.0,2.0,0.0,155.0,10.0,253.0,1.0,225.0,53.0,62.0,14.0,11.0,17.0,55.0,1.0,333.0,86.0,0.0,111.0,599.0,27.0,346.0,180.0,3.0,73.0,189.0,35.0,3.0,175.0,138.0,237.0,119.0,57.0,40.0,211.0,21.0,118.0,31.0,227.0,0.0,60.0,25.0,149.0,35.0,112.0,76.0,211.0,84.0,6.0,57.0,7.0,118.0,0.0,4.0,8.0,0.0,2.0,0.0,3.0,3.0,22.0,51.0,98.0,21.0,34.0,7.0,1.0,3.0,14.0,13.0,38.0,22.0,0.0,20.0,11.0,62.0,99.0,44.0,23.0,7.0,64.0,5.0,49.0,57.0,18.0,23.0,6.0,2.0,21.0,78.0,86.0,64.0,173.0,29.0,39.0,6.0,0.0,0.0,6.0,0.0,0.0,0.0,0.0,0.0,k__Bacteria; p__Proteobacteria; c__Betaproteobacteria; o__Burkholderiales; f__Comamonadaceae; g__Leptothrix; s__
4453357,0.0,0.0,0.0,0.0,0.0,0.0,0.0,0.0,4273.0,399.0,1981.0,164.0,56.0,67.0,0.0,4.0,243.0,348.0,1047.0,4.0,337.0,128.0,123.0,164.0,854.0,176.0,19.0,5.0,43.0,202.0,517.0,0.0,203.0,420.0,349.0,268.0,937.0,224.0,382.0,397.0,195.0,36.0,247.0,86.0,184.0,297.0,411.0,91.0,308.0,345.0,258.0,64.0,41.0,209.0,298.0,78.0,220.0,184.0,46.0,107.0,250.0,84.0,109.0,45.0,209.0,118.0,0.0,94.0,416.0,0.0,4.0,0.0,8.0,307.0,248.0,2.0,518.0,441.0,304.0,347.0,369.0,159.0,636.0,233.0,720.0,318.0,0.0,189.0,398.0,232.0,106.0,261.0,258.0,269.0,259.0,367.0,407.0,563.0,299.0,67.0,1015.0,191.0,298.0,774.0,339.0,141.0,937.0,291.0,237.0,666.0,0.0,0.0,0.0,0.0,0.0,0.0,0.0,0.0,k__Bacteria; p__Verrucomicrobia; c__[Spartobacteria]; o__[Chthoniobacterales]; f__[Chthoniobacteraceae]; g__DA101; s__
4453467,0.0,0.0,0.0,0.0,0.0,0.0,0.0,0.0,2870.0,125.0,420.0,84.0,25.0,11.0,0.0,128.0,0.0,76.0,182.0,328.0,229.0,17.0,90.0,73.0,163.0,237.0,57.0,237.0,6.0,88.0,171.0,0.0,88.0,10.0,39.0,70.0,187.0,0.0,136.0,68.0,0.0,19.0,121.0,13.0,38.0,207.0,100.0,129.0,62.0,120.0,105.0,53.0,90.0,162.0,33.0,55.0,0.0,36.0,71.0,81.0,312.0,226.0,52.0,89.0,14.0,52.0,0.0,51.0,55.0,0.0,2.0,0.0,1.0,64.0,3.0,190.0,335.0,59.0,136.0,149.0,79.0,46.0,71.0,114.0,144.0,94.0,1.0,145.0,135.0,192.0,160.0,68.0,139.0,130.0,97.0,64.0,202.0,150.0,167.0,31.0,128.0,87.0,93.0,176.0,119.0,27.0,81.0,92.0,85.0,210.0,0.0,0.0,0.0,0.0,0.0,0.0,0.0,0.0,k__Bacteria; p__Acidobacteria; c__Acidobacteria-6; o__iii1-15; f__; g__; s__
4454839,0.0,150.0,0.0,0.0,0.0,0.0,224.0,0.0,217.0,14.0,40.0,50.0,0.0,4.0,0.0,39.0,3.0,108.0,8.0,154.0,2.0,130.0,28.0,4.0,42.0,4.0,3.0,50.0,1.0,54.0,14.0,0.0,127.0,97.0,130.0,146.0,38.0,129.0,36.0,17.0,15.0,0.0,37.0,84.0,204.0,35.0,28.0,3.0,66.0,4.0,7.0,4.0,3.0,4.0,72.0,13.0,126.0,19.0,35.0,66.0,29.0,52.0,90.0,4.0,0.0,0.0,0.0,13.0,0.0,0.0,0.0,0.0,16.0,8.0,9.0,1.0,43.0,43.0,31.0,13.0,43.0,20.0,28.0,52.0,4.0,9.0,0.0,22.0,3.0,6.0,44.0,34.0,20.0,3.0,11.0,0.0,9.0,3.0,31.0,32.0,24.0,30.0,24.0,156.0,3.0,80.0,36.0,8.0,4.0,44.0,0.0,0.0,0.0,1.0,0.0,0.0,1.0,0.0,k__Bacteria; p__Proteobacteria; c__Gammaproteobacteria; o__Enterobacteriales; f__Enterobacteriaceae; g__; s__
4455386,0.0,6952.0,0.0,0.0,1490.0,0.0,679.0,0.0,3646.0,729.0,80119.0,185.0,680.0,2185.0,0.0,4003.0,8470.0,3081.0,1275.0,4366.0,5170.0,973.0,492.0,4365.0,916.0,1360.0,140.0,2502.0,6550.0,4282.0,1254.0,1.0,1187.0,474.0,1627.0,891.0,941.0,1891.0,874.0,727.0,2140.0,13.0,199.0,372.0,4208.0,449.0,1492.0,1124.0,1513.0,1415.0,1810.0,514.0,1763.0,2978.0,1465.0,1393.0,4670.0,853.0,3314.0,1504.0,621.0,5258.0,799.0,1520.0,36.0,0.0,0.0,19.0,57.0,0.0,11.0,0.0,40.0,31.0,26.0,92.0,172.0,12.0,57.0,16.0,15.0,0.0,147.0,5.0,51.0,15.0,0.0,64.0,39.0,3.0,24.0,14.0,12.0,45.0,22.0,137.0,52.0,61.0,8.0,19.0,25.0,27.0,18.0,13.0,4.0,64.0,69.0,2.0,85.0,11.0,0.0,0.0,0.0,30.0,0.0,0.0,1.0,0.0,k__Bacteria; p__Proteobacteria; c__Gammaproteobacteria; o__Pseudomonadales; f__Pseudomonadaceae; g__Pseudomonas; s__
4456622,0.0,0.0,0.0,0.0,0.0,0.0,0.0,0.0,1400.0,80.0,348.0,84.0,79.0,51.0,0.0,215.0,368.0,207.0,199.0,345.0,182.0,71.0,382.0,54.0,380.0,225.0,80.0,223.0,23.0,14.0,128.0,0.0,217.0,349.0,125.0,270.0,468.0,114.0,281.0,230.0,136.0,11.0,132.0,220.0,124.0,76.0,210.0,68.0,144.0,254.0,157.0,172.0,4.0,10.0,102.0,60.0,0.0,264.0,54.0,245.0,419.0,83.0,55.0,518.0,222.0,121.0,0.0,95.0,198.0,0.0,6.0,0.0,40.0,129.0,37.0,381.0,656.0,425.0,913.0,295.0,148.0,219.0,187.0,332.0,692.0,290.0,0.0,325.0,421.0,661.0,508.0,141.0,311.0,282.0,220.0,194.0,385.0,336.0,496.0,101.0,512.0,286.0,1077.0,682.0,360.0,272.0,359.0,486.0,329.0,649.0,0.0,2.0,0.0,0.0,0.0,0.0,0.0,0.0,k__Bacteria; p__Proteobacteria; c__Alphaproteobacteria; o__Sphingomonadales; f__Sphingomonadaceae; g__; s__
4457032,0.0,0.0,0.0,0.0,0.0,0.0,0.0,0.0,9326.0,942.0,5143.0,354.0,651.0,551.0,0.0,756.0,901.0,2468.0,2295.0,384.0,505.0,501.0,652.0,413.0,1253.0,2000.0,140.0,666.0,1145.0,359.0,2464.0,0.0,877.0,1218.0,1692.0,1597.0,1683.0,841.0,893.0,1928.0,948.0,45.0,688.0,540.0,442.0,1205.0,1103.0,453.0,187.0,2193.0,368.0,600.0,1739.0,123.0,1053.0,356.0,877.0,488.0,188.0,779.0,2041.0,952.0,480.0,884.0,8698.0,8575.0,0.0,4713.0,16665.0,2.0,198.0,2.0,1564.0,15962.0,13215.0,11373.0,26093.0,51981.0,45997.0,27504.0,25207.0,25440.0,38055.0,24433.0,20040.0,20424.0,31.0,25429.0,14528.0,22642.0,25548.0,39868.0,24312.0,25231.0,13982.0,23266.0,16231.0,27904.0,23572.0,8917.0,56086.0,30095.0,17757.0,59490.0,10568.0,17386.0,30113.0,26528.0,14669.0,43458.0,0.0,10.0,0.0,0.0,0.0,0.0,0.0,0.0,k__Bacteria; p__Verrucomicrobia; c__[Spartobacteria]; o__[Chthoniobacterales]; f__[Chthoniobacteraceae]; g__DA101; s__
4458424,0.0,0.0,0.0,0.0,0.0,0.0,1.0,0.0,1199.0,89.0,171.0,84.0,4.0,9.0,0.0,9.0,135.0,325.0,104.0,237.0,108.0,12.0,190.0,42.0,63.0,103.0,166.0,165.0,204.0,61.0,4.0,0.0,50.0,56.0,38.0,48.0,136.0,23.0,10.0,23.0,0.0,2.0,37.0,18.0,29.0,16.0,40.0,74.0,85.0,99.0,252.0,121.0,4.0,75.0,22.0,122.0,3.0,183.0,33.0,25.0,75.0,5.0,29.0,11.0,9.0,61.0,0.0,29.0,34.0,0.0,1.0,0.0,7.0,22.0,15.0,2.0,91.0,182.0,85.0,13.0,47.0,73.0,73.0,60.0,98.0,85.0,0.0,66.0,74.0,140.0,247.0,37.0,455.0,59.0,39.0,18.0,63.0,48.0,110.0,11.0,83.0,41.0,197.0,245.0,128.0,55.0,42.0,41.0,129.0,48.0,0.0,5.0,0.0,0.0,0.0,0.0,0.0,0.0,k__Bacteria; p__Proteobacteria; c__Alphaproteobacteria; o__Sphingomonadales; f__Sphingomonadaceae; g__; s__
4459226,0.0,0.0,0.0,0.0,0.0,0.0,0.0,0.0,7530.0,407.0,1727.0,314.0,91.0,75.0,0.0,281.0,70.0,685.0,235.0,134.0,114.0,121.0,458.0,337.0,220.0,764.0,167.0,320.0,459.0,52.0,47.0,0.0,29.0,102.0,56.0,104.0,0.0,61.0,40.0,49.0,0.0,4.0,80.0,10.0,114.0,129.0,364.0,133.0,176.0,112.0,1082.0,284.0,111.0,355.0,117.0,395.0,343.0,532.0,34.0,52.0,24.0,87.0,22.0,41.0,0.0,72.0,0.0,46.0,109.0,0.0,1.0,0.0,24.0,5.0,40.0,172.0,113.0,227.0,218.0,137.0,80.0,87.0,82.0,76.0,129.0,226.0,0.0,127.0,96.0,69.0,90.0,59.0,228.0,48.0,69.0,105.0,139.0,267.0,153.0,31.0,295.0,118.0,315.0,196.0,236.0,148.0,231.0,85.0,297.0,272.0,0.0,0.0,0.0,0.0,0.0,0.0,0.0,0.0,k__Bacteria; p__Proteobacteria; c__Alphaproteobacteria; o__Rhizobiales; f__Hyphomicrobiaceae; g__Devosia; s__
4463047,0.0,0.0,0.0,0.0,0.0,0.0,1.0,0.0,1367.0,71.0,236.0,202.0,0.0,17.0,0.0,6.0,11.0,61.0,3.0,133.0,3.0,57.0,170.0,155.0,37.0,270.0,28.0,270.0,2.0,48.0,198.0,0.0,135.0,88.0,49.0,378.0,233.0,28.0,80.0,38.0,29.0,13.0,21.0,16.0,30.0,40.0,94.0,65.0,106.0,60.0,183.0,18.0,18.0,150.0,65.0,16.0,0.0,7.0,42.0,53.0,71.0,114.0,36.0,34.0,0.0,117.0,0.0,48.0,31.0,0.0,0.0,0.0,8.0,21.0,17.0,26.0,151.0,138.0,91.0,46.0,27.0,45.0,86.0,27.0,85.0,34.0,0.0,68.0,42.0,69.0,103.0,60.0,56.0,36.0,11.0,31.0,62.0,28.0,80.0,16.0,25.0,20.0,28.0,427.0,246.0,61.0,33.0,40.0,131.0,28.0,0.0,0.0,0.0,0.0,0.0,0.0,0.0,0.0,k__Bacteria; p__Proteobacteria; c__Alphaproteobacteria; o__Sphingomonadales; f__Sphingomonadaceae; g__; s__
4463632,0.0,0.0,0.0,0.0,0.0,0.0,0.0,0.0,5298.0,129.0,453.0,171.0,48.0,11.0,0.0,214.0,341.0,215.0,301.0,124.0,76.0,118.0,134.0,252.0,55.0,18.0,123.0,179.0,6.0,66.0,35.0,0.0,186.0,67.0,86.0,358.0,255.0,52.0,85.0,119.0,78.0,12.0,153.0,62.0,133.0,84.0,217.0,219.0,108.0,156.0,282.0,262.0,112.0,23.0,0.0,103.0,0.0,4.0,170.0,219.0,242.0,244.0,201.0,20.0,86.0,91.0,0.0,35.0,121.0,0.0,0.0,0.0,19.0,41.0,10.0,346.0,301.0,226.0,379.0,79.0,97.0,126.0,93.0,220.0,273.0,181.0,0.0,213.0,326.0,468.0,507.0,165.0,191.0,115.0,127.0,199.0,219.0,208.0,495.0,76.0,309.0,432.0,460.0,560.0,359.0,146.0,269.0,182.0,157.0,388.0,0.0,0.0,0.0,0.0,0.0,0.0,0.0,0.0,k__Bacteria; p__Acidobacteria; c__Acidobacteria-6; o__iii1-15; f__; g__; s__
4465158,0.0,0.0,0.0,0.0,0.0,0.0,0.0,0.0,14560.0,722.0,4639.0,1036.0,267.0,385.0,0.0,1376.0,642.0,2622.0,1945.0,2858.0,1026.0,752.0,2554.0,797.0,1878.0,2141.0,817.0,1718.0,1605.0,867.0,992.0,0.0,1240.0,2039.0,1383.0,2558.0,3313.0,724.0,1514.0,1102.0,643.0,98.0,1073.0,988.0,880.0,678.0,1303.0,671.0,862.0,1895.0,2321.0,870.0,954.0,583.0,956.0,916.0,523.0,1058.0,381.0,770.0,1899.0,818.0,366.0,2158.0,273.0,354.0,0.0,283.0,402.0,0.0,4.0,0.0,137.0,319.0,189.0,1398.0,1666.0,2186.0,1930.0,848.0,460.0,1006.0,753.0,747.0,1109.0,600.0,9.0,806.0,836.0,1558.0,781.0,487.0,451.0,689.0,350.0,533.0,700.0,662.0,1322.0,283.0,1435.0,591.0,1051.0,1927.0,1033.0,416.0,718.0,920.0,875.0,1050.0,0.0,5.0,0.0,0.0,0.0,0.0,0.0,0.0,k__Bacteria; p__Proteobacteria; c__Alphaproteobacteria; o__Sphingomonadales; f__Sphingomonadaceae; g__Kaistobacter; s__
4467425,0.0,0.0,0.0,0.0,0.0,0.0,0.0,0.0,1910.0,161.0,414.0,76.0,98.0,0.0,0.0,78.0,116.0,68.0,103.0,169.0,1.0,13.0,63.0,146.0,132.0,185.0,67.0,73.0,1.0,0.0,95.0,0.0,57.0,39.0,126.0,107.0,64.0,43.0,3.0,70.0,64.0,5.0,109.0,18.0,47.0,194.0,163.0,76.0,51.0,184.0,116.0,30.0,162.0,3.0,21.0,29.0,1.0,72.0,14.0,60.0,97.0,106.0,27.0,176.0,108.0,63.0,0.0,80.0,72.0,0.0,0.0,0.0,10.0,76.0,113.0,10.0,351.0,490.0,199.0,223.0,131.0,97.0,134.0,116.0,342.0,84.0,0.0,308.0,143.0,167.0,302.0,101.0,136.0,157.0,84.0,142.0,163.0,107.0,172.0,59.0,282.0,128.0,131.0,288.0,106.0,140.0,269.0,232.0,139.0,158.0,0.0,1.0,0.0,0.0,0.0,0.0,0.0,0.0,k__Bacteria; p__Proteobacteria; c__Alphaproteobacteria; o__Rhizobiales; f__Hyphomicrobiaceae; g__; s__
4468097,0.0,0.0,0.0,0.0,0.0,0.0,0.0,0.0,4210.0,264.0,952.0,113.0,48.0,51.0,0.0,258.0,128.0,825.0,639.0,563.0,86.0,213.0,391.0,142.0,171.0,315.0,37.0,271.0,1.0,99.0,300.0,0.0,213.0,251.0,215.0,289.0,521.0,222.0,73.0,309.0,136.0,32.0,315.0,195.0,185.0,716.0,576.0,193.0,120.0,396.0,178.0,92.0,1.0,38.0,120.0,68.0,66.0,192.0,81.0,252.0,247.0,155.0,152.0,181.0,499.0,232.0,0.0,210.0,400.0,0.0,1.0,0.0,40.0,252.0,270.0,748.0,1303.0,1436.0,1030.0,915.0,542.0,521.0,470.0,469.0,928.0,483.0,0.0,1071.0,763.0,864.0,804.0,521.0,926.0,560.0,484.0,536.0,928.0,1128.0,826.0,225.0,1761.0,760.0,732.0,1541.0,1006.0,341.0,1328.0,750.0,545.0,1145.0,0.0,2.0,0.0,0.0,0.0,0.0,0.0,0.0,k__Bacteria; p__Acidobacteria; c__Acidobacteria-6; o__iii1-15; f__; g__; s__
4469074,0.0,0.0,0.0,0.0,0.0,0.0,0.0,0.0,5470.0,456.0,1114.0,164.0,215.0,150.0,0.0,259.0,411.0,871.0,791.0,138.0,94.0,306.0,637.0,494.0,433.0,145.0,110.0,419.0,557.0,50.0,460.0,0.0,170.0,271.0,398.0,541.0,585.0,135.0,506.0,385.0,357.0,79.0,718.0,254.0,301.0,978.0,581.0,282.0,98.0,293.0,317.0,129.0,248.0,200.0,98.0,200.0,74.0,78.0,249.0,432.0,908.0,130.0,165.0,116.0,470.0,373.0,0.0,201.0,367.0,0.0,5.0,0.0,41.0,403.0,231.0,412.0,1812.0,1473.0,1284.0,1703.0,618.0,528.0,716.0,548.0,1232.0,578.0,6.0,1175.0,1104.0,1259.0,1084.0,926.0,935.0,766.0,405.0,835.0,1049.0,1352.0,1043.0,298.0,1762.0,1230.0,829.0,1967.0,1097.0,464.0,1765.0,892.0,761.0,1638.0,0.0,0.0,0.0,0.0,0.0,0.0,0.0,0.0,k__Bacteria; p__Acidobacteria; c__Acidobacteria-6; o__iii1-15; f__; g__; s__
4470260,0.0,0.0,0.0,0.0,0.0,0.0,1158.0,0.0,5385.0,308.0,5713.0,290.0,209.0,278.0,0.0,1537.0,995.0,953.0,1062.0,1740.0,118.0,370.0,693.0,85.0,1932.0,860.0,95.0,1429.0,714.0,713.0,1137.0,6.0,587.0,641.0,2322.0,1413.0,996.0,818.0,2586.0,488.0,910.0,27.0,464.0,339.0,199.0,960.0,809.0,320.0,1297.0,1122.0,190.0,279.0,136.0,299.0,1339.0,271.0,361.0,471.0,319.0,1196.0,2011.0,706.0,517.0,676.0,6214.0,3998.0,79.0,574.0,975.0,0.0,71.0,0.0,1711.0,2710.0,995.0,17712.0,8641.0,3805.0,14524.0,979.0,1349.0,9359.0,3814.0,7574.0,4525.0,578.0,77.0,7264.0,4709.0,3671.0,5314.0,9717.0,33269.0,5174.0,4972.0,1488.0,2818.0,950.0,2502.0,359.0,14429.0,4916.0,6663.0,12505.0,6368.0,3332.0,7556.0,2803.0,6320.0,17920.0,0.0,8.0,0.0,0.0,0.0,0.0,0.0,0.0,k__Bacteria; p__Firmicutes; c__Bacilli; o__Bacillales; f__; g__; s__
4471583,0.0,0.0,0.0,0.0,0.0,0.0,0.0,0.0,981.0,306.0,527.0,70.0,171.0,2.0,0.0,247.0,376.0,213.0,402.0,2.0,1.0,61.0,66.0,37.0,52.0,169.0,1.0,54.0,2.0,27.0,722.0,0.0,133.0,202.0,357.0,225.0,172.0,98.0,66.0,279.0,4.0,5.0,186.0,88.0,121.0,217.0,157.0,54.0,98.0,217.0,85.0,83.0,518.0,65.0,118.0,71.0,0.0,0.0,122.0,141.0,508.0,119.0,26.0,59.0,929.0,822.0,0.0,528.0,2001.0,0.0,21.0,0.0,198.0,1952.0,1492.0,1733.0,3262.0,6418.0,5909.0,3972.0,3473.0,3139.0,4718.0,2622.0,2983.0,2227.0,2.0,2427.0,2082.0,2847.0,2557.0,5312.0,3369.0,2461.0,1609.0,2420.0,1366.0,2868.0,2188.0,930.0,7069.0,2928.0,2462.0,8241.0,1649.0,2295.0,2962.0,2905.0,1983.0,4030.0,1.0,0.0,0.0,0.0,0.0,0.0,0.0,0.0,k__Bacteria; p__Verrucomicrobia; c__[Spartobacteria]; o__[Chthoniobacterales]; f__[Chthoniobacteraceae]; g__DA101; s__
4474485,0.0,1.0,0.0,0.0,24.0,0.0,3.0,0.0,575.0,37.0,619.0,34.0,44.0,49.0,0.0,764.0,2.0,181.0,371.0,80.0,0.0,65.0,42.0,18.0,310.0,149.0,9.0,405.0,0.0,78.0,230.0,0.0,117.0,92.0,120.0,60.0,53.0,81.0,923.0,84.0,71.0,9.0,115.0,92.0,57.0,168.0,76.0,43.0,0.0,81.0,8.0,79.0,629.0,0.0,93.0,1.0,254.0,45.0,27.0,145.0,319.0,107.0,43.0,197.0,222.0,44.0,0.0,18.0,10.0,0.0,1.0,0.0,7.0,19.0,38.0,289.0,158.0,44.0,53.0,64.0,109.0,110.0,43.0,178.0,89.0,27.0,0.0,81.0,77.0,55.0,89.0,248.0,722.0,71.0,78.0,12.0,50.0,52.0,64.0,16.0,224.0,70.0,115.0,254.0,169.0,145.0,104.0,68.0,84.0,313.0,0.0,0.0,0.0,0.0,0.0,0.0,0.0,0.0,k__Bacteria; p__Firmicutes; c__Bacilli; o__Bacillales; f__Bacillaceae; g__Bacillus; s__
4475561,0.0,3.0,0.0,0.0,2.0,0.0,4.0,0.0,271.0,13.0,31.0,12.0,2.0,1.0,0.0,17.0,5.0,21.0,13.0,18.0,7.0,4.0,19.0,15.0,11.0,11.0,5.0,12.0,50.0,1.0,14.0,0.0,7.0,14.0,8.0,17.0,14.0,16.0,6.0,4.0,2.0,1.0,10.0,5.0,9.0,12.0,22.0,9.0,10.0,13.0,21.0,14.0,5.0,8.0,12.0,7.0,4.0,10.0,5.0,7.0,17.0,11.0,4.0,12.0,2.0,3.0,0.0,3.0,6.0,0.0,0.0,0.0,2.0,3.0,2.0,6.0,7.0,13.0,11.0,3.0,3.0,2.0,4.0,8.0,3.0,2.0,0.0,4.0,3.0,11.0,10.0,7.0,6.0,3.0,1.0,2.0,3.0,8.0,11.0,3.0,9.0,2.0,13.0,12.0,5.0,5.0,5.0,4.0,5.0,14.0,0.0,0.0,0.0,1.0,0.0,0.0,0.0,0.0,k__Bacteria; p__Proteobacteria; c__Alphaproteobacteria; o__Rhizobiales; f__Bradyrhizobiaceae; g__Bradyrhizobium; s__
4476579,0.0,0.0,0.0,0.0,0.0,0.0,0.0,0.0,4551.0,356.0,706.0,52.0,37.0,46.0,0.0,124.0,150.0,89.0,305.0,363.0,196.0,175.0,310.0,222.0,430.0,307.0,55.0,405.0,61.0,109.0,96.0,0.0,152.0,57.0,109.0,130.0,77.0,54.0,271.0,202.0,177.0,8.0,176.0,63.0,64.0,163.0,205.0,90.0,97.0,284.0,145.0,140.0,0.0,81.0,97.0,60.0,53.0,159.0,25.0,199.0,312.0,148.0,102.0,82.0,105.0,70.0,0.0,86.0,206.0,0.0,3.0,1.0,17.0,177.0,194.0,205.0,565.0,435.0,448.0,297.0,100.0,162.0,202.0,283.0,356.0,134.0,0.0,283.0,202.0,268.0,257.0,163.0,258.0,155.0,114.0,170.0,244.0,306.0,279.0,48.0,637.0,197.0,198.0,320.0,236.0,80.0,298.0,230.0,139.0,386.0,0.0,1.0,0.0,0.0,0.0,0.0,0.0,0.0,k__Bacteria; p__Proteobacteria; c__Alphaproteobacteria; o__Rhizobiales; f__Hyphomicrobiaceae; g__Rhodoplanes; s__
4478413,0.0,0.0,0.0,0.0,0.0,0.0,0.0,0.0,7575.0,917.0,3448.0,432.0,321.0,131.0,0.0,156.0,924.0,1307.0,175.0,410.0,235.0,182.0,341.0,379.0,249.0,576.0,166.0,316.0,58.0,263.0,115.0,0.0,412.0,342.0,143.0,541.0,383.0,91.0,307.0,155.0,99.0,17.0,85.0,60.0,162.0,177.0,554.0,183.0,322.0,80.0,832.0,610.0,441.0,859.0,300.0,348.0,56.0,1208.0,63.0,30.0,84.0,71.0,2.0,504.0,205.0,74.0,0.0,148.0,375.0,0.0,4.0,0.0,55.0,274.0,189.0,285.0,916.0,469.0,626.0,357.0,339.0,446.0,577.0,323.0,452.0,338.0,3.0,276.0,223.0,471.0,346.0,473.0,317.0,508.0,173.0,314.0,522.0,520.0,1164.0,108.0,609.0,216.0,161.0,637.0,522.0,352.0,351.0,570.0,212.0,329.0,0.0,2.0,0.0,0.0,0.0,0.0,0.0,0.0,k__Bacteria; p__Bacteroidetes; c__[Saprospirae]; o__[Saprospirales]; f__Chitinophagaceae; g__; s__
540592,0.0,0.0,0.0,0.0,0.0,0.0,0.0,0.0,3171.0,358.0,930.0,69.0,70.0,71.0,0.0,108.0,0.0,262.0,149.0,94.0,1.0,94.0,120.0,91.0,102.0,72.0,31.0,132.0,4.0,97.0,133.0,0.0,73.0,149.0,119.0,102.0,261.0,25.0,149.0,134.0,71.0,2.0,61.0,61.0,70.0,207.0,347.0,81.0,35.0,39.0,35.0,53.0,57.0,17.0,43.0,16.0,1.0,97.0,80.0,34.0,322.0,51.0,36.0,13.0,38.0,93.0,0.0,32.0,96.0,0.0,3.0,0.0,2.0,52.0,4.0,1.0,51.0,131.0,164.0,109.0,60.0,116.0,141.0,61.0,233.0,79.0,0.0,67.0,74.0,113.0,138.0,128.0,195.0,93.0,65.0,65.0,78.0,149.0,84.0,33.0,130.0,107.0,106.0,253.0,56.0,43.0,158.0,66.0,54.0,86.0,0.0,0.0,0.0,0.0,0.0,0.0,0.0,0.0,k__Bacteria; p__Proteobacteria; c__Deltaproteobacteria; o__Myxococcales; f__; g__; s__
564690,0.0,0.0,0.0,0.0,0.0,0.0,0.0,0.0,4761.0,196.0,1310.0,78.0,30.0,38.0,0.0,674.0,407.0,344.0,571.0,666.0,91.0,185.0,358.0,132.0,326.0,536.0,35.0,456.0,45.0,224.0,88.0,0.0,113.0,228.0,142.0,25.0,366.0,83.0,94.0,99.0,86.0,3.0,152.0,202.0,77.0,181.0,289.0,114.0,164.0,420.0,126.0,260.0,10.0,1.0,162.0,90.0,91.0,194.0,36.0,126.0,138.0,507.0,317.0,205.0,51.0,38.0,0.0,23.0,75.0,0.0,1.0,0.0,3.0,65.0,18.0,52.0,209.0,128.0,56.0,139.0,85.0,48.0,87.0,84.0,116.0,68.0,0.0,233.0,183.0,157.0,155.0,153.0,20.0,68.0,49.0,51.0,147.0,73.0,90.0,35.0,139.0,41.0,114.0,265.0,183.0,148.0,69.0,113.0,68.0,124.0,0.0,0.0,0.0,0.0,0.0,0.0,0.0,0.0,k__Bacteria; p__Proteobacteria; c__Alphaproteobacteria; o__Rhodospirillales; f__Acetobacteraceae; g__; s__
566039,0.0,0.0,0.0,0.0,0.0,0.0,0.0,0.0,1052.0,111.0,987.0,26.0,0.0,55.0,0.0,176.0,1.0,3.0,79.0,200.0,17.0,95.0,205.0,52.0,151.0,163.0,4.0,160.0,9.0,57.0,71.0,0.0,9.0,114.0,126.0,184.0,228.0,352.0,55.0,64.0,29.0,7.0,121.0,97.0,21.0,173.0,361.0,9.0,83.0,88.0,59.0,120.0,88.0,0.0,378.0,22.0,26.0,20.0,67.0,112.0,271.0,299.0,81.0,355.0,17.0,1.0,0.0,6.0,14.0,0.0,0.0,0.0,8.0,31.0,20.0,7.0,27.0,12.0,77.0,4.0,1.0,48.0,17.0,14.0,33.0,6.0,0.0,32.0,15.0,38.0,28.0,24.0,36.0,12.0,11.0,7.0,24.0,13.0,56.0,2.0,14.0,16.0,29.0,65.0,30.0,10.0,20.0,18.0,13.0,22.0,0.0,1.0,0.0,0.0,0.0,0.0,0.0,0.0,k__Bacteria; p__Actinobacteria; c__Actinobacteria; o__Actinomycetales; f__; g__; s__
615325,0.0,0.0,0.0,0.0,0.0,0.0,0.0,0.0,977.0,70.0,579.0,31.0,1.0,76.0,0.0,250.0,158.0,40.0,122.0,86.0,79.0,86.0,274.0,34.0,324.0,151.0,30.0,110.0,240.0,93.0,268.0,0.0,45.0,240.0,377.0,272.0,676.0,308.0,387.0,255.0,251.0,25.0,191.0,197.0,60.0,143.0,104.0,15.0,5.0,129.0,25.0,49.0,80.0,37.0,346.0,2.0,0.0,80.0,22.0,87.0,481.0,35.0,38.0,191.0,8.0,21.0,0.0,13.0,1.0,0.0,2.0,0.0,27.0,15.0,15.0,191.0,123.0,30.0,257.0,113.0,34.0,306.0,5.0,95.0,111.0,11.0,3.0,48.0,168.0,214.0,11.0,170.0,336.0,65.0,2.0,54.0,27.0,7.0,47.0,7.0,86.0,15.0,76.0,219.0,112.0,40.0,8.0,19.0,131.0,29.0,0.0,0.0,0.0,0.0,0.0,0.0,0.0,0.0,k__Bacteria; p__Proteobacteria; c__Alphaproteobacteria; o__Sphingomonadales; f__Sphingomonadaceae; g__; s__
632692,0.0,0.0,0.0,0.0,0.0,0.0,0.0,0.0,4579.0,417.0,536.0,582.0,19.0,30.0,0.0,124.0,2.0,964.0,456.0,156.0,628.0,64.0,122.0,571.0,142.0,74.0,177.0,129.0,0.0,172.0,302.0,0.0,336.0,579.0,181.0,822.0,526.0,14.0,162.0,170.0,44.0,49.0,213.0,22.0,202.0,443.0,295.0,101.0,125.0,236.0,722.0,179.0,1345.0,438.0,183.0,569.0,313.0,27.0,37.0,38.0,432.0,199.0,68.0,28.0,490.0,72.0,0.0,225.0,637.0,0.0,4.0,0.0,21.0,596.0,387.0,216.0,1950.0,1157.0,1102.0,854.0,556.0,424.0,1546.0,754.0,1140.0,450.0,0.0,767.0,523.0,426.0,705.0,761.0,636.0,807.0,329.0,523.0,433.0,1040.0,947.0,169.0,771.0,564.0,172.0,397.0,200.0,439.0,956.0,898.0,90.0,1064.0,0.0,0.0,0.0,0.0,0.0,0.0,0.0,0.0,k__Bacteria; p__Bacteroidetes; c__[Saprospirae]; o__[Saprospirales]; f__Chitinophagaceae; g__; s__
666038,0.0,0.0,0.0,0.0,0.0,0.0,0.0,0.0,5254.0,246.0,1948.0,284.0,121.0,127.0,0.0,672.0,256.0,474.0,328.0,538.0,242.0,128.0,400.0,159.0,620.0,440.0,60.0,203.0,35.0,351.0,349.0,0.0,203.0,401.0,449.0,307.0,1012.0,431.0,224.0,239.0,230.0,4.0,177.0,68.0,60.0,344.0,359.0,142.0,189.0,634.0,578.0,246.0,286.0,448.0,298.0,757.0,339.0,444.0,66.0,104.0,153.0,267.0,92.0,353.0,136.0,0.0,0.0,108.0,44.0,0.0,0.0,0.0,11.0,104.0,102.0,59.0,356.0,233.0,204.0,253.0,164.0,141.0,177.0,129.0,215.0,88.0,1.0,165.0,195.0,72.0,140.0,179.0,112.0,163.0,30.0,80.0,61.0,63.0,69.0,40.0,249.0,41.0,97.0,281.0,55.0,198.0,100.0,103.0,98.0,220.0,0.0,0.0,0.0,0.0,0.0,0.0,0.0,0.0,k__Bacteria; p__Acidobacteria; c__Solibacteres; o__Solibacterales; f__Solibacteraceae; g__; s__
668615,0.0,0.0,0.0,0.0,0.0,0.0,0.0,0.0,2574.0,131.0,519.0,46.0,22.0,21.0,0.0,80.0,81.0,245.0,193.0,163.0,0.0,26.0,418.0,18.0,242.0,232.0,22.0,90.0,1.0,48.0,134.0,0.0,74.0,112.0,45.0,55.0,359.0,112.0,92.0,62.0,62.0,5.0,253.0,108.0,71.0,224.0,398.0,33.0,91.0,150.0,113.0,8.0,1.0,19.0,135.0,34.0,0.0,184.0,44.0,137.0,469.0,188.0,107.0,75.0,50.0,3.0,0.0,19.0,14.0,0.0,2.0,0.0,19.0,107.0,36.0,92.0,140.0,172.0,324.0,336.0,94.0,149.0,53.0,108.0,179.0,43.0,1.0,144.0,159.0,78.0,111.0,185.0,108.0,65.0,11.0,72.0,44.0,55.0,40.0,34.0,113.0,10.0,66.0,111.0,200.0,159.0,41.0,71.0,74.0,92.0,0.0,0.0,0.0,0.0,0.0,0.0,0.0,0.0,k__Bacteria; p__Actinobacteria; c__Actinobacteria; o__Actinomycetales; f__; g__; s__
715993,0.0,0.0,0.0,0.0,0.0,0.0,0.0,0.0,3259.0,38.0,1126.0,116.0,2.0,52.0,0.0,0.0,152.0,254.0,310.0,7.0,135.0,47.0,419.0,108.0,74.0,305.0,47.0,113.0,0.0,417.0,121.0,0.0,1148.0,862.0,328.0,2588.0,847.0,202.0,1443.0,255.0,230.0,30.0,179.0,203.0,292.0,484.0,616.0,198.0,16.0,164.0,408.0,39.0,465.0,116.0,94.0,204.0,104.0,1.0,187.0,239.0,407.0,659.0,137.0,443.0,180.0,164.0,0.0,116.0,134.0,0.0,5.0,0.0,28.0,134.0,14.0,155.0,607.0,214.0,280.0,152.0,216.0,132.0,195.0,72.0,292.0,246.0,1.0,122.0,105.0,359.0,109.0,105.0,160.0,103.0,49.0,142.0,132.0,72.0,322.0,48.0,130.0,109.0,123.0,290.0,514.0,42.0,62.0,112.0,81.0,129.0,0.0,0.0,0.0,0.0,0.0,0.0,0.0,0.0,k__Bacteria; p__Bacteroidetes; c__[Saprospirae]; o__[Saprospirales]; f__Chitinophagaceae; g__Flavisolibacter; s__
740317,0.0,13.0,0.0,0.0,129.0,0.0,2.0,0.0,6145.0,239.0,998.0,132.0,32.0,45.0,0.0,78.0,26.0,800.0,212.0,542.0,127.0,59.0,421.0,155.0,283.0,187.0,57.0,191.0,1010.0,109.0,144.0,0.0,85.0,218.0,144.0,192.0,192.0,31.0,120.0,78.0,186.0,16.0,155.0,128.0,80.0,301.0,292.0,203.0,147.0,484.0,653.0,284.0,277.0,55.0,136.0,138.0,198.0,289.0,130.0,263.0,222.0,679.0,118.0,387.0,55.0,1.0,0.0,46.0,73.0,0.0,1.0,0.0,7.0,90.0,60.0,195.0,380.0,267.0,289.0,126.0,82.0,88.0,143.0,99.0,354.0,74.0,1.0,360.0,200.0,206.0,424.0,100.0,136.0,129.0,37.0,241.0,235.0,172.0,264.0,56.0,405.0,94.0,167.0,259.0,287.0,98.0,181.0,302.0,99.0,207.0,0.0,5.0,0.0,0.0,0.0,0.0,0.0,0.0,k__Bacteria; p__Proteobacteria; c__Alphaproteobacteria; o__Rhizobiales; f__Bradyrhizobiaceae; g__; s__
752329,0.0,0.0,0.0,0.0,0.0,0.0,0.0,0.0,1891.0,98.0,835.0,36.0,1.0,3.0,0.0,114.0,0.0,138.0,68.0,18.0,1.0,56.0,86.0,177.0,166.0,82.0,14.0,89.0,88.0,34.0,17.0,0.0,44.0,30.0,33.0,42.0,105.0,34.0,0.0,13.0,45.0,2.0,81.0,34.0,18.0,34.0,118.0,112.0,52.0,99.0,71.0,138.0,0.0,94.0,43.0,100.0,1.0,88.0,42.0,50.0,127.0,19.0,0.0,142.0,207.0,368.0,0.0,193.0,249.0,0.0,7.0,0.0,42.0,336.0,386.0,626.0,764.0,691.0,784.0,290.0,233.0,376.0,178.0,344.0,481.0,196.0,0.0,495.0,425.0,620.0,668.0,380.0,365.0,260.0,118.0,376.0,394.0,238.0,471.0,158.0,1245.0,492.0,808.0,1894.0,1465.0,313.0,601.0,847.0,573.0,741.0,0.0,3.0,0.0,0.0,0.0,0.0,0.0,0.0,k__Bacteria; p__Actinobacteria; c__Thermoleophilia; o__Solirubrobacterales; f__; g__; s__
813690,0.0,0.0,0.0,0.0,0.0,0.0,0.0,0.0,7943.0,223.0,1205.0,446.0,102.0,66.0,0.0,164.0,5.0,498.0,367.0,151.0,564.0,237.0,532.0,255.0,191.0,199.0,157.0,386.0,154.0,234.0,194.0,0.0,304.0,310.0,230.0,395.0,572.0,135.0,287.0,341.0,212.0,13.0,349.0,55.0,139.0,140.0,222.0,264.0,198.0,163.0,685.0,113.0,436.0,298.0,209.0,192.0,191.0,84.0,90.0,169.0,332.0,415.0,87.0,80.0,29.0,13.0,0.0,48.0,122.0,0.0,2.0,0.0,12.0,67.0,55.0,184.0,671.0,358.0,186.0,151.0,69.0,73.0,114.0,112.0,391.0,119.0,0.0,170.0,95.0,184.0,188.0,122.0,241.0,177.0,89.0,144.0,149.0,203.0,272.0,56.0,101.0,94.0,98.0,340.0,306.0,167.0,185.0,72.0,159.0,115.0,0.0,7.0,0.0,0.0,0.0,0.0,0.0,0.0,k__Bacteria; p__Proteobacteria; c__Betaproteobacteria; o__Burkholderiales; f__Comamonadaceae; g__; s__
815264,0.0,0.0,0.0,0.0,0.0,0.0,0.0,0.0,2575.0,54.0,236.0,66.0,1.0,5.0,0.0,161.0,3.0,250.0,87.0,8.0,1.0,150.0,167.0,52.0,159.0,68.0,10.0,234.0,51.0,0.0,101.0,0.0,83.0,106.0,91.0,127.0,155.0,23.0,94.0,74.0,242.0,4.0,148.0,78.0,31.0,115.0,202.0,135.0,32.0,99.0,53.0,59.0,1.0,0.0,59.0,22.0,52.0,21.0,89.0,142.0,148.0,74.0,15.0,58.0,124.0,45.0,0.0,61.0,113.0,0.0,3.0,0.0,0.0,96.0,57.0,209.0,506.0,197.0,243.0,393.0,101.0,117.0,108.0,189.0,261.0,114.0,0.0,256.0,307.0,242.0,403.0,285.0,193.0,172.0,48.0,183.0,220.0,289.0,217.0,85.0,417.0,313.0,148.0,306.0,144.0,23.0,233.0,374.0,135.0,287.0,0.0,0.0,0.0,0.0,0.0,0.0,0.0,0.0,k__Bacteria; p__Acidobacteria; c__Acidobacteria-6; o__iii1-15; f__; g__; s__
821187,0.0,0.0,0.0,0.0,0.0,0.0,0.0,0.0,14184.0,913.0,7561.0,502.0,244.0,560.0,0.0,816.0,1521.0,1425.0,871.0,1570.0,329.0,319.0,750.0,655.0,613.0,589.0,100.0,332.0,1021.0,1032.0,875.0,0.0,401.0,883.0,1075.0,1234.0,1634.0,873.0,1591.0,575.0,768.0,22.0,205.0,333.0,308.0,737.0,1006.0,307.0,353.0,319.0,812.0,623.0,279.0,1269.0,385.0,332.0,748.0,783.0,337.0,766.0,1191.0,310.0,137.0,550.0,0.0,0.0,0.0,9.0,26.0,0.0,0.0,0.0,3.0,43.0,12.0,82.0,8.0,35.0,69.0,7.0,15.0,48.0,0.0,14.0,19.0,12.0,1.0,25.0,42.0,47.0,10.0,51.0,45.0,17.0,6.0,8.0,15.0,13.0,25.0,4.0,6.0,17.0,28.0,90.0,91.0,30.0,3.0,12.0,61.0,11.0,0.0,0.0,0.0,0.0,0.0,0.0,0.0,0.0,k__Bacteria; p__Acidobacteria; c__Acidobacteriia; o__Acidobacteriales; f__Acidobacteriaceae; g__; s__
826124,0.0,1.0,0.0,0.0,0.0,0.0,0.0,0.0,4473.0,315.0,2045.0,163.0,32.0,72.0,0.0,72.0,0.0,194.0,197.0,594.0,200.0,281.0,359.0,256.0,274.0,414.0,86.0,322.0,11.0,165.0,317.0,0.0,267.0,281.0,241.0,368.0,310.0,189.0,177.0,142.0,169.0,6.0,181.0,88.0,119.0,192.0,226.0,120.0,313.0,155.0,293.0,177.0,71.0,83.0,227.0,93.0,1.0,47.0,172.0,154.0,227.0,121.0,100.0,226.0,51.0,64.0,0.0,26.0,68.0,0.0,2.0,0.0,16.0,0.0,68.0,203.0,261.0,114.0,103.0,83.0,33.0,97.0,139.0,58.0,162.0,81.0,0.0,91.0,109.0,112.0,131.0,46.0,224.0,64.0,38.0,44.0,84.0,42.0,154.0,22.0,139.0,70.0,167.0,281.0,279.0,70.0,108.0,105.0,70.0,142.0,0.0,0.0,0.0,0.0,0.0,0.0,0.0,0.0,k__Bacteria; p__Proteobacteria; c__Alphaproteobacteria; o__Caulobacterales; f__Caulobacteraceae; g__Phenylobacterium; s__
837512,0.0,0.0,0.0,0.0,0.0,0.0,10.0,0.0,120.0,10.0,104.0,6.0,3.0,3.0,0.0,7.0,4.0,7.0,10.0,9.0,0.0,3.0,12.0,1.0,28.0,7.0,1.0,13.0,2.0,11.0,8.0,0.0,7.0,10.0,35.0,16.0,15.0,3.0,27.0,6.0,5.0,0.0,1.0,3.0,2.0,9.0,8.0,1.0,6.0,12.0,6.0,4.0,1.0,1.0,8.0,2.0,1.0,5.0,1.0,8.0,13.0,8.0,5.0,3.0,111.0,53.0,0.0,23.0,30.0,0.0,2.0,0.0,40.0,64.0,46.0,410.0,155.0,106.0,463.0,33.0,31.0,312.0,70.0,229.0,107.0,13.0,1.0,156.0,103.0,144.0,149.0,188.0,532.0,104.0,115.0,36.0,77.0,23.0,66.0,5.0,427.0,123.0,140.0,316.0,128.0,85.0,195.0,74.0,210.0,393.0,0.0,0.0,0.0,0.0,0.0,0.0,0.0,0.0,k__Bacteria; p__Firmicutes; c__Bacilli; o__Bacillales; f__Bacillaceae; g__Virgibacillus; s__
882769,0.0,0.0,0.0,0.0,0.0,0.0,0.0,0.0,702.0,112.0,344.0,19.0,20.0,12.0,0.0,341.0,176.0,155.0,112.0,97.0,0.0,56.0,82.0,34.0,152.0,23.0,0.0,84.0,18.0,100.0,115.0,0.0,21.0,121.0,72.0,217.0,402.0,121.0,39.0,63.0,59.0,7.0,110.0,36.0,27.0,150.0,109.0,49.0,65.0,48.0,71.0,61.0,94.0,18.0,62.0,62.0,0.0,0.0,20.0,59.0,103.0,96.0,15.0,13.0,106.0,138.0,0.0,51.0,117.0,0.0,1.0,0.0,70.0,138.0,175.0,635.0,311.0,375.0,811.0,108.0,154.0,526.0,194.0,346.0,278.0,65.0,2.0,314.0,178.0,229.0,435.0,356.0,915.0,240.0,75.0,161.0,108.0,133.0,176.0,84.0,725.0,249.0,288.0,673.0,446.0,273.0,304.0,451.0,348.0,422.0,0.0,0.0,0.0,0.0,0.0,0.0,0.0,0.0,k__Bacteria; p__Actinobacteria; c__Thermoleophilia; o__Gaiellales; f__Gaiellaceae; g__; s__
888357,0.0,0.0,0.0,0.0,0.0,0.0,0.0,0.0,2652.0,230.0,1363.0,112.0,25.0,37.0,0.0,195.0,166.0,385.0,65.0,686.0,55.0,278.0,288.0,250.0,264.0,404.0,140.0,428.0,779.0,133.0,49.0,0.0,99.0,121.0,61.0,96.0,173.0,26.0,75.0,19.0,44.0,5.0,71.0,27.0,51.0,57.0,195.0,119.0,210.0,260.0,727.0,325.0,251.0,121.0,269.0,545.0,212.0,492.0,68.0,32.0,283.0,231.0,61.0,201.0,72.0,127.0,0.0,49.0,47.0,0.0,2.0,0.0,39.0,55.0,86.0,370.0,118.0,135.0,268.0,50.0,45.0,245.0,48.0,117.0,136.0,30.0,0.0,158.0,112.0,136.0,138.0,60.0,155.0,75.0,37.0,45.0,76.0,60.0,175.0,11.0,155.0,19.0,108.0,496.0,538.0,248.0,111.0,92.0,340.0,104.0,0.0,0.0,0.0,0.0,0.0,0.0,0.0,0.0,k__Bacteria; p__Actinobacteria; c__Actinobacteria; o__Actinomycetales; f__Nocardioidaceae; g__Nocardioides; s__
929398,0.0,0.0,0.0,0.0,0.0,0.0,0.0,0.0,8572.0,361.0,4398.0,389.0,172.0,97.0,0.0,812.0,432.0,547.0,1135.0,276.0,683.0,175.0,635.0,446.0,370.0,1670.0,172.0,904.0,184.0,525.0,437.0,0.0,377.0,912.0,352.0,628.0,1516.0,427.0,217.0,436.0,372.0,19.0,170.0,114.0,259.0,430.0,676.0,441.0,396.0,367.0,2868.0,453.0,1286.0,837.0,877.0,605.0,395.0,782.0,172.0,208.0,474.0,840.0,195.0,831.0,28.0,7.0,0.0,64.0,83.0,0.0,1.0,0.0,5.0,50.0,16.0,157.0,289.0,57.0,102.0,53.0,38.0,59.0,104.0,76.0,71.0,38.0,0.0,38.0,64.0,121.0,7.0,85.0,202.0,76.0,57.0,40.0,99.0,104.0,206.0,25.0,94.0,28.0,36.0,111.0,158.0,11.0,66.0,92.0,20.0,80.0,0.0,0.0,0.0,0.0,0.0,0.0,0.0,0.0,k__Bacteria; p__Bacteroidetes; c__[Saprospirae]; o__[Saprospirales]; f__Chitinophagaceae; g__; s__
946250,0.0,0.0,0.0,0.0,0.0,0.0,0.0,0.0,12783.0,530.0,3885.0,395.0,326.0,173.0,0.0,367.0,402.0,1285.0,2295.0,1521.0,814.0,393.0,976.0,596.0,1096.0,1598.0,101.0,785.0,1459.0,107.0,522.0,0.0,1228.0,1219.0,989.0,1679.0,2583.0,893.0,814.0,1017.0,526.0,45.0,476.0,334.0,330.0,1125.0,1362.0,561.0,393.0,929.0,417.0,250.0,448.0,454.0,898.0,162.0,308.0,258.0,121.0,632.0,672.0,491.0,186.0,822.0,368.0,239.0,0.0,275.0,263.0,0.0,6.0,0.0,25.0,220.0,94.0,233.0,1004.0,502.0,506.0,541.0,237.0,363.0,182.0,308.0,742.0,208.0,1.0,419.0,512.0,606.0,340.0,428.0,457.0,502.0,219.0,318.0,623.0,427.0,925.0,93.0,810.0,249.0,388.0,1143.0,939.0,373.0,368.0,532.0,301.0,570.0,0.0,0.0,0.0,0.0,0.0,0.0,0.0,0.0,k__Bacteria; p__Verrucomicrobia; c__[Spartobacteria]; o__[Chthoniobacterales]; f__[Chthoniobacteraceae]; g__DA101; s__
957505,0.0,0.0,0.0,0.0,0.0,0.0,0.0,0.0,716.0,89.0,633.0,30.0,20.0,11.0,0.0,79.0,43.0,68.0,223.0,0.0,10.0,91.0,74.0,163.0,60.0,6.0,2.0,17.0,152.0,56.0,109.0,0.0,24.0,183.0,86.0,81.0,360.0,73.0,217.0,133.0,62.0,5.0,58.0,62.0,27.0,205.0,115.0,1.0,57.0,95.0,117.0,12.0,445.0,130.0,155.0,292.0,45.0,22.0,18.0,158.0,233.0,175.0,2.0,18.0,21.0,0.0,0.0,15.0,37.0,0.0,0.0,0.0,8.0,51.0,59.0,11.0,38.0,89.0,58.0,17.0,30.0,98.0,36.0,57.0,55.0,31.0,0.0,89.0,58.0,48.0,1.0,72.0,37.0,27.0,33.0,41.0,127.0,83.0,101.0,7.0,55.0,26.0,50.0,68.0,24.0,12.0,22.0,55.0,17.0,104.0,0.0,0.0,0.0,0.0,0.0,0.0,0.0,0.0,k__Bacteria; p__Verrucomicrobia; c__[Pedosphaerae]; o__[Pedosphaerales]; f__Ellin515; g__; s__
